Table,Indicator,PCT
WB_SPI,RAWD22Downloadoptions,0.24049539170506912
WB_SPI,RAWD22Machinereadable,0.24049539170506912
WB_SPI,RAWD22Metadataavailable,0.24049539170506912
WB_SPI,RAWD22Nonproprietary,0.24049539170506912
WB_SPI,RAWD22Termsofuse,0.24049539170506912
WB_SPI,SPID15CHLDMORT,1.0
WB_SPI,SPID15DTTDSDPPFXPZS,1.0
WB_SPI,SPID15LFP,1.0
WB_SPI,SPID15POV,1.0
WB_SPI,SPID15SAFEMANWATER,1.0
WB_SPI,SPID21GDDS,0.3689516129032258
WB_SPI,SPID22Opennesssubscore,0.24049539170506912
WB_SPI,SPID24NADA,0.21918202764976957
WB_SPI,SPID31POV,0.9907834101382489
WB_SPI,SPID310NEQL,0.9907834101382489
WB_SPI,SPID311CITY,0.9907834101382489
WB_SPI,SPID312CNSP,0.9907834101382489
WB_SPI,SPID313CLMT,0.9288594470046083
WB_SPI,SPID315LAND,0.9907834101382489
WB_SPI,SPID316INST,0.9907834101382489
WB_SPI,SPID317PTNS,0.9907834101382489
WB_SPI,SPID32HNGR,0.9907834101382489
WB_SPI,SPID33HLTH,0.9907834101382489
WB_SPI,SPID34EDUC,0.9907834101382489
WB_SPI,SPID35GEND,0.9907834101382489
WB_SPI,SPID36WTRS,0.9907834101382489
WB_SPI,SPID37ENRG,0.9907834101382489
WB_SPI,SPID38WORK,0.9907834101382489
WB_SPI,SPID39INDY,0.9907834101382489
WB_SPI,SPID411POPU,0.24798387096774194
WB_SPI,SPID412AGRI,0.24798387096774194
WB_SPI,SPID413BIZZ,0.8755760368663594
WB_SPI,SPID414HOUS,0.8755760368663594
WB_SPI,SPID415AGSVY,0.8755760368663594
WB_SPI,SPID416LABR,0.880184331797235
WB_SPI,SPID417HLTH,0.8894009216589862
WB_SPI,SPID418BZSVY,0.8755760368663594
WB_SPI,SPID423CRVS,0.3096198156682028
WB_SPI,SPID43GEOfirstadminlevel,0.24049539170506912
WB_SPI,SPID51DILG,0.19498847926267282
WB_SPI,SPID521SNAU,0.24798387096774194
WB_SPI,SPID5210GSBP,0.33986175115207373
WB_SPI,SPID522NABY,0.24798387096774194
WB_SPI,SPID523CNIN,0.33986175115207373
WB_SPI,SPID524CPIBY,0.27419354838709675
WB_SPI,SPID525HOUS,0.34014976958525345
WB_SPI,SPID526EMPL,0.33986175115207373
WB_SPI,SPID527CGOV,0.21918202764976957
WB_SPI,SPID528FINA,0.33986175115207373
WB_SPI,SPID529MONY,0.21918202764976957
WB_SPI,SPID55DIFI,0.1935483870967742
WB_SPI,SPIDIM15INDEX,1.0
WB_SPI,SPIDIM21INDEX,0.3689516129032258
WB_SPI,SPIDIM22INDEX,0.24049539170506912
WB_SPI,SPIDIM24INDEX,0.21918202764976957
WB_SPI,SPIDIM31INDEX,0.9907834101382489
WB_SPI,SPIDIM32INDEX,0.9907834101382489
WB_SPI,SPIDIM33INDEX,0.9288594470046083
WB_SPI,SPIDIM34INDEX,0.9907834101382489
WB_SPI,SPIDIM41CENINDEX,0.2171658986175115
WB_SPI,SPIDIM41SVYINDEX,0.8755760368663594
WB_SPI,SPIDIM42INDEX,0.3096198156682028
WB_SPI,SPIDIM43INDEX,0.24049539170506912
WB_SPI,SPIDIM51INDEX,0.19498847926267282
WB_SPI,SPIDIM52INDEX,0.21745391705069125
WB_SPI,SPIDIM55INDEX,0.1935483870967742
WB_SPI,SPIINDEX,0.1984447004608295
WB_SPI,SPIINDEXPIL1,1.0
WB_SPI,SPIINDEXPIL2,0.19930875576036866
WB_SPI,SPIINDEXPIL3,0.9288594470046083
WB_SPI,SPIINDEXPIL4,0.1984447004608295
WB_SPI,SPIINDEXPIL5,0.21745391705069125
WB_Gender,FPCPITOTLZG,0.6348283328178163
WB_Gender,FXOWNTOTLFEZS,0.03037426538818435
WB_Gender,FXOWNTOTLMAZS,0.03037426538818435
WB_Gender,FXOWNTOTLZS,0.03037426538818435
WB_Gender,HDHCIAMRT,0.041633158057531705
WB_Gender,HDHCIAMRTFE,0.041633158057531705
WB_Gender,HDHCIAMRTMA,0.041633158057531705
WB_Gender,HDHCIEYRS,0.038601917723476646
WB_Gender,HDHCIEYRSFE,0.036374884008660686
WB_Gender,HDHCIEYRSMA,0.03631302196102691
WB_Gender,HDHCIHLOS,0.03742653881843489
WB_Gender,HDHCIHLOSFE,0.03470460872254871
WB_Gender,HDHCIHLOSMA,0.03470460872254871
WB_Gender,HDHCILAYS,0.037179090627899786
WB_Gender,HDHCILAYSFE,0.032539437055366535
WB_Gender,HDHCILAYSMA,0.032477575007732754
WB_Gender,HDHCIMORT,0.041942468295700586
WB_Gender,HDHCIMORTFE,0.041942468295700586
WB_Gender,HDHCIMORTMA,0.041942468295700586
WB_Gender,HDHCISTNT,0.024744819053510673
WB_Gender,HDHCISTNTFE,0.02251778533869471
WB_Gender,HDHCISTNTMA,0.02251778533869471
WB_Gender,ICFRMFEMMZS,0.02010516548097742
WB_Gender,ICFRMFEMOZS,0.026167646149087533
WB_Gender,ICREGCOSTPCFEZS,0.23346736776987317
WB_Gender,ICREGCOSTPCMAZS,0.23346736776987317
WB_Gender,ICREGCOSTPCZS,0.23346736776987317
WB_Gender,ICREGDURS,0.23346736776987317
WB_Gender,ICREGDURSFE,0.23346736776987317
WB_Gender,ICREGDURSMA,0.23346736776987317
WB_Gender,ICREGPROC,0.23346736776987317
WB_Gender,ICREGPROCFE,0.23346736776987317
WB_Gender,ICREGPROCMA,0.23346736776987317
WB_Gender,ICWEFLLCDFE,0.012186823383854005
WB_Gender,ICWEFLLCDFEZS,0.012186823383854005
WB_Gender,ICWEFLLCDMA,0.012186823383854005
WB_Gender,ICWEFLLCDMAZS,0.012186823383854005
WB_Gender,ICWEFLLCOFE,0.015156201670275286
WB_Gender,ICWEFLLCOFEZS,0.015156201670275286
WB_Gender,ICWEFLLCOMA,0.015156201670275286
WB_Gender,ICWEFLLCOMAZS,0.015156201670275286
WB_Gender,ICWEFSOLOFE,0.01509433962264151
WB_Gender,ICWEFSOLOFEZS,0.01509433962264151
WB_Gender,ICWEFSOLOMA,0.01509433962264151
WB_Gender,ICWEFSOLOMAZS,0.01509433962264151
WB_Gender,NYGDPMKTPCD,0.7942468295700588
WB_Gender,NYGDPMKTPKDZG,0.7516857407980204
WB_Gender,NYGDPPCAPCD,0.7940612434271574
WB_Gender,NYGDPPCAPKD,0.7476028456541911
WB_Gender,NYGNPATLSCD,0.6784410763996288
WB_Gender,NYGNPPCAPPPCD,0.43680791834209715
WB_Gender,SEADT1524LTFEZS,0.15948035879987627
WB_Gender,SEENRPRIMFMZS,0.5881224868543149
WB_Gender,SEENRPRSCFMZS,0.49161769254562326
WB_Gender,SEENRSECOFMZS,0.5032477575007733
WB_Gender,SEENRTERTFMZS,0.44181874420043304
WB_Gender,SELPVPRIM,0.016084132384781936
WB_Gender,SELPVPRIMBMP,0.016084132384781936
WB_Gender,SELPVPRIMBMPFE,0.014290133003402412
WB_Gender,SELPVPRIMBMPMA,0.014290133003402412
WB_Gender,SELPVPRIMFE,0.014290133003402412
WB_Gender,SELPVPRIMMA,0.014290133003402412
WB_Gender,SELPVPRIMOOSFE,0.014290133003402412
WB_Gender,SELPVPRIMOOSMA,0.014290133003402412
WB_Gender,SEPREENRR,0.506093411691927
WB_Gender,SEPREENRRFE,0.45085060315496445
WB_Gender,SEPREENRRMA,0.45085060315496445
WB_Gender,SEPRMCMPLFEZS,0.07590473244664399
WB_Gender,SEPRMCMPLMAZS,0.07590473244664399
WB_Gender,SEPRMCMPLZS,0.07856480049489638
WB_Gender,SEPRMCUATFEZS,0.05957315187132694
WB_Gender,SEPRMCUATMAZS,0.05957315187132694
WB_Gender,SEPRMCUATZS,0.060006186204763376
WB_Gender,SEPRMENRLFEZS,0.5839158676152181
WB_Gender,SEPRMGINTZS,0.44392205381998145
WB_Gender,SEPRMNINTFEZS,0.12465202598206
WB_Gender,SEPRMNINTMAZS,0.12428085369625734
WB_Gender,SEPRMNINTZS,0.12898236931642437
WB_Gender,SEPRMPRS5FEZS,0.18236931642437365
WB_Gender,SEPRMPRS5MAZS,0.18230745437673987
WB_Gender,SEPRMTCHRFEZS,0.47175997525518093
WB_Gender,SEPRMTENR,0.3003402412619858
WB_Gender,SEPRMTENRFE,0.22975564491184658
WB_Gender,SEPRMTENRMA,0.22926074853077638
WB_Gender,SEPRMUNER,0.40699041138261677
WB_Gender,SEPRMUNERFE,0.3295391277451284
WB_Gender,SEPRMUNERMA,0.3294772656974946
WB_Gender,SEPRMUNERZS,0.41391896071759976
WB_Gender,SESCHLIFE,0.4488710176306836
WB_Gender,SESCHLIFEFE,0.3886792452830189
WB_Gender,SESCHLIFEMA,0.3886792452830189
WB_Gender,SESECCMPTLOFEZS,0.33238478193628207
WB_Gender,SESECCMPTLOMAZS,0.3323229198886483
WB_Gender,SESECCMPTLOZS,0.373399319517476
WB_Gender,SESECCUATLOFEZS,0.07522424992267245
WB_Gender,SESECCUATLOMAZS,0.07522424992267245
WB_Gender,SESECCUATLOZS,0.07627590473244665
WB_Gender,SESECCUATPOFEZS,0.05326322301268172
WB_Gender,SESECCUATPOMAZS,0.05326322301268172
WB_Gender,SESECCUATPOZS,0.05400556758428704
WB_Gender,SESECCUATUPFEZS,0.07101763068357562
WB_Gender,SESECCUATUPMAZS,0.07101763068357562
WB_Gender,SESECCUATUPZS,0.07151252706464584
WB_Gender,SESECENRLFEVOZS,0.3386947107949273
WB_Gender,SESECENRLFEZS,0.5020105165480977
WB_Gender,SESECENRLMAVOZS,0.4763996288277142
WB_Gender,SESECENRLVO,0.5237859573151872
WB_Gender,SESECENRLVOFEZS,0.46272811630064953
WB_Gender,SESECENRLVOZS,0.5350448499845345
WB_Gender,SESECPROGFEZS,0.2702752861119703
WB_Gender,SESECPROGMAZS,0.27250231982678624
WB_Gender,SESECPROGZS,0.32106402721930094
WB_Gender,SESECTCHRFEZS,0.3737704918032787
WB_Gender,SETERCMPLFEZS,0.09007114135477884
WB_Gender,SETERCMPLMAZS,0.09000927930714507
WB_Gender,SETERCMPLZS,0.09403031240334055
WB_Gender,SETERCUATBAFEZS,0.03179709248376121
WB_Gender,SETERCUATBAMAZS,0.03179709248376121
WB_Gender,SETERCUATBAZS,0.03198267862666254
WB_Gender,SETERCUATDOFEZS,0.019857717290442313
WB_Gender,SETERCUATDOMAZS,0.019857717290442313
WB_Gender,SETERCUATDOZS,0.01991957933807609
WB_Gender,SETERCUATMSFEZS,0.023940612434271574
WB_Gender,SETERCUATMSMAZS,0.023940612434271574
WB_Gender,SETERCUATMSZS,0.024064336529539126
WB_Gender,SETERCUATSTFEZS,0.06594494277760594
WB_Gender,SETERCUATSTMAZS,0.06594494277760594
WB_Gender,SETERCUATSTZS,0.06650170120630992
WB_Gender,SETERENRRMA,0.4456541911537272
WB_Gender,SETERGRADFEAGZS,0.07701824930405196
WB_Gender,SETERGRADFEEDZS,0.08475100525827405
WB_Gender,SETERGRADFEENZS,0.08085369625734612
WB_Gender,SETERGRADFEHLZS,0.08493659140117538
WB_Gender,SETERGRADFEHUZS,0.08369935044849984
WB_Gender,SETERGRADFEOTZS,0.03816888339004021
WB_Gender,SETERGRADFESCZS,0.06978038973090009
WB_Gender,SETERGRADFESIZS,0.07565728425610888
WB_Gender,SETERGRADFESSZS,0.06978038973090009
WB_Gender,SETERGRADFESVZS,0.07157438911227962
WB_Gender,SETERTCHRFEZS,0.3061552737395608
WB_Gender,SEXPDPRIMPCZS,0.11766161459944324
WB_Gender,SEXPDSECOPCZS,0.10287658521497062
WB_Gender,SGABSPENB,0.5962882771419734
WB_Gender,SGAGEFUPNEQ,0.5962882771419734
WB_Gender,SGAGEMRETEQ,0.5962882771419734
WB_Gender,SGAGEPAPNEQ,0.5962882771419734
WB_Gender,SGAGERTREFE,0.007856480049489639
WB_Gender,SGAGERTREFLFE,0.021899164862356945
WB_Gender,SGAGERTREFLMA,0.021899164862356945
WB_Gender,SGAGERTREMA,0.007918342097123415
WB_Gender,SGAGERTREPLFE,0.010949582431178473
WB_Gender,SGAGERTREPLMA,0.010949582431178473
WB_Gender,SGAPLPSPTEQ,0.5962882771419734
WB_Gender,SGBUSREGTEQ,0.5962882771419734
WB_Gender,SGCNTSIGNEQ,0.5962882771419734
WB_Gender,SGCOKCHCOZS,0.012805443860191772
WB_Gender,SGCOKCROPZS,0.006309928858645221
WB_Gender,SGCOKDUNGZS,0.008103928240024745
WB_Gender,SGCOKELECZS,0.013795236622332199
WB_Gender,SGCOKHOUSZS,0.007670893906588308
WB_Gender,SGCOKLPGNZS,0.013857098669965975
WB_Gender,SGCOKOTHRZS,0.007175997525518094
WB_Gender,SGCOKOUTDZS,0.007609031858954531
WB_Gender,SGCOKSBLDZS,0.007670893906588308
WB_Gender,SGCOKSTRWZS,0.007732755954222085
WB_Gender,SGCOKWOODZS,0.013176616145994432
WB_Gender,SGCTRTRVLEQ,0.5962882771419734
WB_Gender,SGDMKALLDFNZS,0.010702134240643365
WB_Gender,SGDMKDPCHFNZS,0.005320136096504794
WB_Gender,SGDMKFOODFNZS,0.0031549644293226106
WB_Gender,SGDMKHLTHFNZS,0.010763996288277141
WB_Gender,SGDMKHLTHHBZS,0.010763996288277141
WB_Gender,SGDMKHLTHOTZS,0.010516548097742036
WB_Gender,SGDMKHLTHSEZS,0.010702134240643365
WB_Gender,SGDMKHLTHWFZS,0.010763996288277141
WB_Gender,SGDMKHLTHWHZS,0.010763996288277141
WB_Gender,SGDMKNONEFNZS,0.010702134240643365
WB_Gender,SGDMKPRCHFNZS,0.010825858335910918
WB_Gender,SGDMKPRCHHBZS,0.010825858335910918
WB_Gender,SGDMKPRCHOTZS,0.010454686050108259
WB_Gender,SGDMKPRCHSEZS,0.010763996288277141
WB_Gender,SGDMKPRCHWFZS,0.010825858335910918
WB_Gender,SGDMKPRCHWHZS,0.010825858335910918
WB_Gender,SGDMKSRCRFNZS,0.006124342715743891
WB_Gender,SGDMKVISIFNZS,0.010763996288277141
WB_Gender,SGDMKVISIHBZS,0.010763996288277141
WB_Gender,SGDMKVISIOTZS,0.010578410145375812
WB_Gender,SGDMKVISISEZS,0.010702134240643365
WB_Gender,SGDMKVISIWFZS,0.010763996288277141
WB_Gender,SGDMKVISIWHZS,0.010763996288277141
WB_Gender,SGDMLPRGW,0.5962882771419734
WB_Gender,SGDNGWORKDNEQ,0.5962882771419734
WB_Gender,SGGENMNSTZS,0.14525208784410765
WB_Gender,SGGENPARLZS,0.3364058150324776
WB_Gender,SGGENTECHZS,0.006124342715743891
WB_Gender,SGGETJOBSEQ,0.5962882771419734
WB_Gender,SGH2OPRMSHHZS,0.01676461490875348
WB_Gender,SGH2OTL30HHZS,0.01676461490875348
WB_Gender,SGH2OTM30HHZS,0.01676461490875348
WB_Gender,SGHLDHEADEQ,0.5962882771419734
WB_Gender,SGHMETRVLEQ,0.5962882771419734
WB_Gender,SGIHTASSTEQ,0.5962882771419734
WB_Gender,SGIHTASSTPTEQ,0.5962882771419734
WB_Gender,SGINDWORKEQ,0.5962882771419734
WB_Gender,SGLAWASSTAR,0.5962882771419734
WB_Gender,SGLAWCRDDGR,0.5962882771419734
WB_Gender,SGLAWEQRMWK,0.5962882771419734
WB_Gender,SGLAWINDX,0.5962882771419734
WB_Gender,SGLAWNMCN,0.5962882771419734
WB_Gender,SGLAWNODCHR,0.5962882771419734
WB_Gender,SGLAWOBHBMRNO,0.5962882771419734
WB_Gender,SGLEGDVAW,0.5962882771419734
WB_Gender,SGLEGSXHREM,0.5962882771419734
WB_Gender,SGLOCLIVEEQ,0.5962882771419734
WB_Gender,SGNGTWORKEQ,0.5962882771419734
WB_Gender,SGOBTDVRCEQ,0.5962882771419734
WB_Gender,SGOPNBANKEQ,0.5962882771419734
WB_Gender,SGOWNHSAJFEQ1ZS,0.005196412001237241
WB_Gender,SGOWNHSAJFEQ2ZS,0.005196412001237241
WB_Gender,SGOWNHSAJFEQ3ZS,0.005196412001237241
WB_Gender,SGOWNHSAJFEQ4ZS,0.005196412001237241
WB_Gender,SGOWNHSAJFEQ5ZS,0.005196412001237241
WB_Gender,SGOWNHSAJFEZS,0.005196412001237241
WB_Gender,SGOWNHSAJMAQ1ZS,0.004392205381998144
WB_Gender,SGOWNHSAJMAQ2ZS,0.004392205381998144
WB_Gender,SGOWNHSAJMAQ3ZS,0.004392205381998144
WB_Gender,SGOWNHSAJMAQ4ZS,0.004392205381998144
WB_Gender,SGOWNHSAJMAQ5ZS,0.004392205381998144
WB_Gender,SGOWNHSAJMAZS,0.004392205381998144
WB_Gender,SGOWNHSALFEQ1ZS,0.005320136096504794
WB_Gender,SGOWNHSALFEQ2ZS,0.005320136096504794
WB_Gender,SGOWNHSALFEQ3ZS,0.005320136096504794
WB_Gender,SGOWNHSALFEQ4ZS,0.005320136096504794
WB_Gender,SGOWNHSALFEQ5ZS,0.005320136096504794
WB_Gender,SGOWNHSALFEZS,0.005320136096504794
WB_Gender,SGOWNHSALMAQ1ZS,0.004515929477265698
WB_Gender,SGOWNHSALMAQ2ZS,0.004515929477265698
WB_Gender,SGOWNHSALMAQ3ZS,0.004515929477265698
WB_Gender,SGOWNHSALMAQ4ZS,0.004515929477265698
WB_Gender,SGOWNHSALMAQ5ZS,0.004515929477265698
WB_Gender,SGOWNHSALMAZS,0.004515929477265698
WB_Gender,SGOWNHSJTFEQ1ZS,0.005320136096504794
WB_Gender,SGOWNHSJTFEQ2ZS,0.005320136096504794
WB_Gender,SGOWNHSJTFEQ3ZS,0.005320136096504794
WB_Gender,SGOWNHSJTFEQ4ZS,0.005320136096504794
WB_Gender,SGOWNHSJTFEQ5ZS,0.005320136096504794
WB_Gender,SGOWNHSJTFEZS,0.005320136096504794
WB_Gender,SGOWNHSJTMAQ1ZS,0.004515929477265698
WB_Gender,SGOWNHSJTMAQ2ZS,0.004515929477265698
WB_Gender,SGOWNHSJTMAQ3ZS,0.004515929477265698
WB_Gender,SGOWNHSJTMAQ4ZS,0.004515929477265698
WB_Gender,SGOWNHSJTMAQ5ZS,0.004515929477265698
WB_Gender,SGOWNHSJTMAZS,0.004515929477265698
WB_Gender,SGOWNHSNOFEQ1ZS,0.005320136096504794
WB_Gender,SGOWNHSNOFEQ2ZS,0.005320136096504794
WB_Gender,SGOWNHSNOFEQ3ZS,0.005320136096504794
WB_Gender,SGOWNHSNOFEQ4ZS,0.005320136096504794
WB_Gender,SGOWNHSNOFEQ5ZS,0.005320136096504794
WB_Gender,SGOWNHSNOFEZS,0.005320136096504794
WB_Gender,SGOWNHSNOMAQ1ZS,0.004515929477265698
WB_Gender,SGOWNHSNOMAQ2ZS,0.004515929477265698
WB_Gender,SGOWNHSNOMAQ3ZS,0.004515929477265698
WB_Gender,SGOWNHSNOMAQ4ZS,0.004515929477265698
WB_Gender,SGOWNHSNOMAQ5ZS,0.004515929477265698
WB_Gender,SGOWNHSNOMAZS,0.004515929477265698
WB_Gender,SGOWNLDAJFEQ1ZS,0.004825239715434581
WB_Gender,SGOWNLDAJFEQ2ZS,0.004825239715434581
WB_Gender,SGOWNLDAJFEQ3ZS,0.004825239715434581
WB_Gender,SGOWNLDAJFEQ4ZS,0.004825239715434581
WB_Gender,SGOWNLDAJFEQ5ZS,0.004825239715434581
WB_Gender,SGOWNLDAJFEZS,0.004825239715434581
WB_Gender,SGOWNLDAJMAQ1ZS,0.004144757191463037
WB_Gender,SGOWNLDAJMAQ2ZS,0.004144757191463037
WB_Gender,SGOWNLDAJMAQ3ZS,0.004144757191463037
WB_Gender,SGOWNLDAJMAQ4ZS,0.004144757191463037
WB_Gender,SGOWNLDAJMAQ5ZS,0.004144757191463037
WB_Gender,SGOWNLDAJMAZS,0.004144757191463037
WB_Gender,SGOWNLDALFEQ1ZS,0.005010825858335911
WB_Gender,SGOWNLDALFEQ2ZS,0.005010825858335911
WB_Gender,SGOWNLDALFEQ3ZS,0.005010825858335911
WB_Gender,SGOWNLDALFEQ4ZS,0.005010825858335911
WB_Gender,SGOWNLDALFEQ5ZS,0.005010825858335911
WB_Gender,SGOWNLDALFEZS,0.005010825858335911
WB_Gender,SGOWNLDALMAQ1ZS,0.004330343334364367
WB_Gender,SGOWNLDALMAQ2ZS,0.004330343334364367
WB_Gender,SGOWNLDALMAQ3ZS,0.004330343334364367
WB_Gender,SGOWNLDALMAQ4ZS,0.004330343334364367
WB_Gender,SGOWNLDALMAQ5ZS,0.004330343334364367
WB_Gender,SGOWNLDALMAZS,0.004330343334364367
WB_Gender,SGOWNLDJTFEQ1ZS,0.005010825858335911
WB_Gender,SGOWNLDJTFEQ2ZS,0.005010825858335911
WB_Gender,SGOWNLDJTFEQ3ZS,0.005010825858335911
WB_Gender,SGOWNLDJTFEQ4ZS,0.005010825858335911
WB_Gender,SGOWNLDJTFEQ5ZS,0.005010825858335911
WB_Gender,SGOWNLDJTFEZS,0.005010825858335911
WB_Gender,SGOWNLDJTMAQ1ZS,0.004330343334364367
WB_Gender,SGOWNLDJTMAQ2ZS,0.004330343334364367
WB_Gender,SGOWNLDJTMAQ3ZS,0.004330343334364367
WB_Gender,SGOWNLDJTMAQ4ZS,0.004330343334364367
WB_Gender,SGOWNLDJTMAQ5ZS,0.004330343334364367
WB_Gender,SGOWNLDJTMAZS,0.004330343334364367
WB_Gender,SGOWNLDNOFEQ1ZS,0.0050726879059696875
WB_Gender,SGOWNLDNOFEQ2ZS,0.0050726879059696875
WB_Gender,SGOWNLDNOFEQ3ZS,0.0050726879059696875
WB_Gender,SGOWNLDNOFEQ4ZS,0.0050726879059696875
WB_Gender,SGOWNLDNOFEQ5ZS,0.0050726879059696875
WB_Gender,SGOWNLDNOFEZS,0.0050726879059696875
WB_Gender,SGOWNLDNOMAQ1ZS,0.004330343334364367
WB_Gender,SGOWNLDNOMAQ2ZS,0.004330343334364367
WB_Gender,SGOWNLDNOMAQ3ZS,0.004330343334364367
WB_Gender,SGOWNLDNOMAQ4ZS,0.004330343334364367
WB_Gender,SGOWNLDNOMAQ5ZS,0.004330343334364367
WB_Gender,SGOWNLDNOMAZS,0.004330343334364367
WB_Gender,SGOWNPRRTIM,0.5962882771419734
WB_Gender,SGPENSXHREM,0.5962882771419734
WB_Gender,SGPOPMIGRFEZS,0.11296009897927621
WB_Gender,SGREGNLIDFEZS,0.006000618620476338
WB_Gender,SGREGNLIDMAZS,0.006000618620476338
WB_Gender,SGREMRIGTEQ,0.5962882771419734
WB_Gender,SGRSXBRTHQ1ZS,0.003031240334055057
WB_Gender,SGRSXBRTHQ2ZS,0.003031240334055057
WB_Gender,SGRSXBRTHQ3ZS,0.003031240334055057
WB_Gender,SGRSXBRTHQ4ZS,0.003031240334055057
WB_Gender,SGRSXBRTHQ5ZS,0.003031240334055057
WB_Gender,SGRSXBRTHZS,0.003031240334055057
WB_Gender,SGRSXNORSQ1ZS,0.0028456541911537274
WB_Gender,SGRSXNORSQ2ZS,0.0028456541911537274
WB_Gender,SGRSXNORSQ3ZS,0.0028456541911537274
WB_Gender,SGRSXNORSQ4ZS,0.0028456541911537274
WB_Gender,SGRSXNORSQ5ZS,0.0028456541911537274
WB_Gender,SGRSXNORSZS,0.0028456541911537274
WB_Gender,SGRSXREASQ1ZS,0.0028456541911537274
WB_Gender,SGRSXREASQ2ZS,0.0028456541911537274
WB_Gender,SGRSXREASQ3ZS,0.0028456541911537274
WB_Gender,SGRSXREASQ4ZS,0.0028456541911537274
WB_Gender,SGRSXREASQ5ZS,0.0028456541911537274
WB_Gender,SGRSXREASZS,0.0028456541911537274
WB_Gender,SGRSXSXOTQ1ZS,0.009155583049798948
WB_Gender,SGRSXSXOTQ2ZS,0.009155583049798948
WB_Gender,SGRSXSXOTQ3ZS,0.009155583049798948
WB_Gender,SGRSXSXOTQ4ZS,0.009155583049798948
WB_Gender,SGRSXSXOTQ5ZS,0.009155583049798948
WB_Gender,SGRSXSXOTZS,0.009155583049798948
WB_Gender,SGRSXTIRDQ1ZS,0.004825239715434581
WB_Gender,SGRSXTIRDQ2ZS,0.004825239715434581
WB_Gender,SGRSXTIRDQ3ZS,0.004825239715434581
WB_Gender,SGRSXTIRDQ4ZS,0.004825239715434581
WB_Gender,SGRSXTIRDQ5ZS,0.004825239715434581
WB_Gender,SGRSXTIRDZS,0.004825239715434581
WB_Gender,SGRSXTMDSQ1ZS,0.0049489638107021346
WB_Gender,SGRSXTMDSQ2ZS,0.0049489638107021346
WB_Gender,SGRSXTMDSQ3ZS,0.0049489638107021346
WB_Gender,SGRSXTMDSQ4ZS,0.0049489638107021346
WB_Gender,SGRSXTMDSQ5ZS,0.0049489638107021346
WB_Gender,SGRSXTMDSZS,0.0049489638107021346
WB_Gender,SGTIMUWRKFE,0.010949582431178473
WB_Gender,SGTIMUWRKMA,0.010949582431178473
WB_Gender,SGVAW1549ZS,0.006557377049180328
WB_Gender,SGVAWAFSXZS,0.006309928858645221
WB_Gender,SGVAWARGUQ1ZS,0.011753789050417568
WB_Gender,SGVAWARGUQ2ZS,0.011753789050417568
WB_Gender,SGVAWARGUQ3ZS,0.011753789050417568
WB_Gender,SGVAWARGUQ4ZS,0.011753789050417568
WB_Gender,SGVAWARGUQ5ZS,0.011753789050417568
WB_Gender,SGVAWARGUZS,0.0119393751933189
WB_Gender,SGVAWBURNQ1ZS,0.011630064955150015
WB_Gender,SGVAWBURNQ2ZS,0.011630064955150015
WB_Gender,SGVAWBURNQ3ZS,0.011630064955150015
WB_Gender,SGVAWBURNQ4ZS,0.011630064955150015
WB_Gender,SGVAWBURNQ5ZS,0.011630064955150015
WB_Gender,SGVAWBURNZS,0.011815651098051345
WB_Gender,SGVAWGOESQ1ZS,0.011815651098051345
WB_Gender,SGVAWGOESQ2ZS,0.011815651098051345
WB_Gender,SGVAWGOESQ3ZS,0.011815651098051345
WB_Gender,SGVAWGOESQ4ZS,0.011815651098051345
WB_Gender,SGVAWGOESQ5ZS,0.011815651098051345
WB_Gender,SGVAWGOESZS,0.012001237240952676
WB_Gender,SGVAWHLPVZS,0.006186204763377668
WB_Gender,SGVAWIPVEZS,0.006309928858645221
WB_Gender,SGVAWNEGLQ1ZS,0.0119393751933189
WB_Gender,SGVAWNEGLQ2ZS,0.0119393751933189
WB_Gender,SGVAWNEGLQ3ZS,0.0119393751933189
WB_Gender,SGVAWNEGLQ4ZS,0.0119393751933189
WB_Gender,SGVAWNEGLQ5ZS,0.0119393751933189
WB_Gender,SGVAWNEGLZS,0.012124961336220229
WB_Gender,SGVAWREASQ1ZS,0.014104546860501083
WB_Gender,SGVAWREASQ2ZS,0.014104546860501083
WB_Gender,SGVAWREASQ3ZS,0.014104546860501083
WB_Gender,SGVAWREASQ4ZS,0.014104546860501083
WB_Gender,SGVAWREASQ5ZS,0.014104546860501083
WB_Gender,SGVAWREASZS,0.015218063717909062
WB_Gender,SGVAWREFUQ1ZS,0.011691927002783792
WB_Gender,SGVAWREFUQ2ZS,0.011691927002783792
WB_Gender,SGVAWREFUQ3ZS,0.011691927002783792
WB_Gender,SGVAWREFUQ4ZS,0.011691927002783792
WB_Gender,SGVAWREFUQ5ZS,0.011691927002783792
WB_Gender,SGVAWREFUZS,0.011877513145685123
WB_Gender,SHDTHCOMM0004FEZS,0.05716053201360965
WB_Gender,SHDTHCOMM0004MAZS,0.05716053201360965
WB_Gender,SHDTHCOMM0004ZS,0.05716053201360965
WB_Gender,SHDTHCOMM0514FEZS,0.05579956696566656
WB_Gender,SHDTHCOMM0514MAZS,0.056170739251469225
WB_Gender,SHDTHCOMM0514ZS,0.05672749768017321
WB_Gender,SHDTHCOMM1559FEZS,0.05716053201360965
WB_Gender,SHDTHCOMM1559MAZS,0.05685122177544077
WB_Gender,SHDTHCOMM1559ZS,0.05716053201360965
WB_Gender,SHDTHCOMM60UPFEZS,0.05716053201360965
WB_Gender,SHDTHCOMM60UPMAZS,0.05716053201360965
WB_Gender,SHDTHCOMM60UPZS,0.05716053201360965
WB_Gender,SHDTHCOMMFEZS,0.05716053201360965
WB_Gender,SHDTHCOMMMAZS,0.05716053201360965
WB_Gender,SHDTHINJR0004FEZS,0.05716053201360965
WB_Gender,SHDTHINJR0004MAZS,0.05716053201360965
WB_Gender,SHDTHINJR0004ZS,0.05716053201360965
WB_Gender,SHDTHINJR0514FEZS,0.05716053201360965
WB_Gender,SHDTHINJR0514MAZS,0.05716053201360965
WB_Gender,SHDTHINJR0514ZS,0.05716053201360965
WB_Gender,SHDTHINJR1559FEZS,0.05716053201360965
WB_Gender,SHDTHINJR1559MAZS,0.05716053201360965
WB_Gender,SHDTHINJR1559ZS,0.05716053201360965
WB_Gender,SHDTHINJR60UPFEZS,0.05716053201360965
WB_Gender,SHDTHINJR60UPMAZS,0.05716053201360965
WB_Gender,SHDTHINJR60UPZS,0.05716053201360965
WB_Gender,SHDTHINJRFEZS,0.05716053201360965
WB_Gender,SHDTHINJRMAZS,0.05716053201360965
WB_Gender,SHDTHNCOM0004FEZS,0.05716053201360965
WB_Gender,SHDTHNCOM0004MAZS,0.05716053201360965
WB_Gender,SHDTHNCOM0004ZS,0.05716053201360965
WB_Gender,SHDTHNCOM0514FEZS,0.05709866996597587
WB_Gender,SHDTHNCOM0514MAZS,0.05709866996597587
WB_Gender,SHDTHNCOM0514ZS,0.05716053201360965
WB_Gender,SHDTHNCOM1559FEZS,0.05716053201360965
WB_Gender,SHDTHNCOM1559MAZS,0.05716053201360965
WB_Gender,SHDTHNCOM1559ZS,0.05716053201360965
WB_Gender,SHDTHNCOM60UPFEZS,0.05716053201360965
WB_Gender,SHDTHNCOM60UPMAZS,0.05716053201360965
WB_Gender,SHDTHNCOM60UPZS,0.05716053201360965
WB_Gender,SHDTHNCOMFEZS,0.05716053201360965
WB_Gender,SHDTHNCOMMAZS,0.05716053201360965
WB_Gender,SHHIVARTCFEZS,0.1949273120940303
WB_Gender,SHHIVARTCMAZS,0.19486545004639655
WB_Gender,SHHIVINCDFEP3,0.29062789978348286
WB_Gender,SHHIVINCDMAP3,0.29062789978348286
WB_Gender,SHHIVINCDYGFEP3,0.29062789978348286
WB_Gender,SHHIVINCDYGMAP3,0.29062789978348286
WB_Gender,SHMMRLEVE,0.5962882771419734
WB_Gender,SHMMRLEVEAL,0.5962882771419734
WB_Gender,SHMMRLEVEGT,0.5962882771419734
WB_Gender,SHPARLEVE,0.5962882771419734
WB_Gender,SHPARLEVEAL,0.5962882771419734
WB_Gender,SHPARLEVEFE,0.5962882771419734
WB_Gender,SHPARLEVEMA,0.5962882771419734
WB_Gender,SHPTRLEVE,0.5962882771419734
WB_Gender,SHPTRLEVEAL,0.5962882771419734
WB_Gender,SHSTAFGMSQ1ZS,0.006309928858645221
WB_Gender,SHSTAFGMSQ2ZS,0.006309928858645221
WB_Gender,SHSTAFGMSQ3ZS,0.006309928858645221
WB_Gender,SHSTAFGMSQ4ZS,0.006309928858645221
WB_Gender,SHSTAFGMSQ5ZS,0.006309928858645221
WB_Gender,SHSTAFGMSZS,0.0069285493349829875
WB_Gender,SHSTAOB18FEZS,0.49106093411691926
WB_Gender,SHSTAOB18MAZS,0.49106093411691926
WB_Gender,SIPOVDDAY,0.13721002165171667
WB_Gender,SIPOVGINI,0.1079492731209403
WB_Gender,SLAGREMPLFEZS,0.4215898546241881
WB_Gender,SLAGREMPLMAZS,0.4215898546241881
WB_Gender,SLAGREMPLZS,0.4215898546241881
WB_Gender,SLEMP1524SPFENEZS,0.1798329724713888
WB_Gender,SLEMP1524SPFEZS,0.4215898546241881
WB_Gender,SLEMP1524SPMANEZS,0.1798329724713888
WB_Gender,SLEMP1524SPMAZS,0.4215898546241881
WB_Gender,SLEMP1524SPNEZS,0.18082276523352922
WB_Gender,SLEMP1524SPZS,0.4215898546241881
WB_Gender,SLEMPMPYRFEZS,0.4215898546241881
WB_Gender,SLEMPMPYRMAZS,0.4215898546241881
WB_Gender,SLEMPMPYRZS,0.4215898546241881
WB_Gender,SLEMPSELFFEZS,0.4215898546241881
WB_Gender,SLEMPSELFMAZS,0.4215898546241881
WB_Gender,SLEMPSELFZS,0.4215898546241881
WB_Gender,SLEMPSMGTFEZS,0.06278997834828333
WB_Gender,SLEMPTOTLSPFENEZS,0.24008660686668729
WB_Gender,SLEMPTOTLSPFEZS,0.4215898546241881
WB_Gender,SLEMPTOTLSPMANEZS,0.2397772966285184
WB_Gender,SLEMPTOTLSPMAZS,0.4215898546241881
WB_Gender,SLEMPTOTLSPNEZS,0.25982060006186203
WB_Gender,SLEMPTOTLSPZS,0.4361274358181256
WB_Gender,SLEMPUNDRFEZS,0.09848437983297247
WB_Gender,SLEMPUNDRMAZS,0.09848437983297247
WB_Gender,SLEMPVULNFEZS,0.4215898546241881
WB_Gender,SLEMPVULNMAZS,0.4215898546241881
WB_Gender,SLEMPVULNZS,0.4215898546241881
WB_Gender,SLEMPWORKFEZS,0.4215898546241881
WB_Gender,SLEMPWORKMAZS,0.4215898546241881
WB_Gender,SLEMPWORKZS,0.4215898546241881
WB_Gender,SLINDEMPLFEZS,0.4215898546241881
WB_Gender,SLINDEMPLMAZS,0.4215898546241881
WB_Gender,SLINDEMPLZS,0.4215898546241881
WB_Gender,SLISVIFRMFEZS,0.025239715434580885
WB_Gender,SLISVIFRMMAZS,0.025239715434580885
WB_Gender,SLSRVEMPLFEZS,0.4215898546241881
WB_Gender,SLSRVEMPLMAZS,0.4215898546241881
WB_Gender,SLSRVEMPLZS,0.4215898546241881
WB_Gender,SLTLF0714FEZS,0.017383235385091247
WB_Gender,SLTLF0714MAZS,0.017383235385091247
WB_Gender,SLTLF0714ZS,0.017383235385091247
WB_Gender,SLTLFACTI1524FENEZS,0.26056294463346735
WB_Gender,SLTLFACTI1524FEZS,0.4361274358181256
WB_Gender,SLTLFACTI1524MANEZS,0.26056294463346735
WB_Gender,SLTLFACTI1524MAZS,0.4361274358181256
WB_Gender,SLTLFACTI1524NEZS,0.26217135787194557
WB_Gender,SLTLFACTI1524ZS,0.4361274358181256
WB_Gender,SLTLFACTIFEZS,0.4361274358181256
WB_Gender,SLTLFACTIMAZS,0.4361274358181256
WB_Gender,SLTLFACTIZS,0.4361274358181256
WB_Gender,SLTLFADVNFEZS,0.11920816579028766
WB_Gender,SLTLFADVNMAZS,0.11933188988555521
WB_Gender,SLTLFADVNZS,0.11945561398082276
WB_Gender,SLTLFBASCFEZS,0.11908444169502011
WB_Gender,SLTLFBASCMAZS,0.11896071759975255
WB_Gender,SLTLFBASCZS,0.11927002783792144
WB_Gender,SLTLFCACTFENEZS,0.2967522424992267
WB_Gender,SLTLFCACTFEZS,0.4361274358181256
WB_Gender,SLTLFCACTFMNEZS,0.29000927930714504
WB_Gender,SLTLFCACTFMZS,0.4361274358181256
WB_Gender,SLTLFCACTMANEZS,0.2967522424992267
WB_Gender,SLTLFCACTMAZS,0.4361274358181256
WB_Gender,SLTLFCACTNEZS,0.3128982369316424
WB_Gender,SLTLFCACTZS,0.4506650170120631
WB_Gender,SLTLFINTMFEZS,0.11902257964738633
WB_Gender,SLTLFINTMMAZS,0.11908444169502011
WB_Gender,SLTLFINTMZS,0.11920816579028766
WB_Gender,SLTLFPARTMAZS,0.12025982060006186
WB_Gender,SLTLFPARTTLFEZS,0.09805134549953604
WB_Gender,SLTLFPARTZS,0.12032168264769563
WB_Gender,SLTLFTOTLFEIN,0.43594184967522426
WB_Gender,SLTLFTOTLMAIN,0.43594184967522426
WB_Gender,SLUEM1524FENEZS,0.20903185895453139
WB_Gender,SLUEM1524FEZS,0.4215898546241881
WB_Gender,SLUEM1524FMNEZS,0.20896999690689763
WB_Gender,SLUEM1524FMZS,0.4215898546241881
WB_Gender,SLUEM1524MANEZS,0.20909372100216517
WB_Gender,SLUEM1524MAZS,0.4215898546241881
WB_Gender,SLUEM1524NEZS,0.2116919270027838
WB_Gender,SLUEM1524ZS,0.4215898546241881
WB_Gender,SLUEMADVNFEZS,0.12508506031549643
WB_Gender,SLUEMADVNMAZS,0.12527064645839778
WB_Gender,SLUEMADVNZS,0.1270646458397773
WB_Gender,SLUEMBASCFEZS,0.12607485307763688
WB_Gender,SLUEMBASCMAZS,0.12619857717290442
WB_Gender,SLUEMBASCZS,0.12687905969687596
WB_Gender,SLUEMINTMFEZS,0.12403340550572224
WB_Gender,SLUEMINTMMAZS,0.12421899164862357
WB_Gender,SLUEMINTMZS,0.12533250850603156
WB_Gender,SLUEMNEETFEZS,0.1029384472626044
WB_Gender,SLUEMNEETMAZS,0.10287658521497062
WB_Gender,SLUEMNEETZS,0.10411382616764615
WB_Gender,SLUEMTOTLFENEZS,0.2793690071141355
WB_Gender,SLUEMTOTLMANEZS,0.27943086916176924
WB_Gender,SLUEMTOTLNEZS,0.3203835446953294
WB_Gender,SPDYNLE60FEIN,0.1440148468914321
WB_Gender,SPDYNLE60MAIN,0.1440148468914321
WB_Gender,SPRURTOTLFEZS,0.11920816579028766
WB_Gender,SPRURTOTLMAZS,0.11920816579028766
WB_Gender,SPURBTOTLFEZS,0.11920816579028766
WB_Gender,SPURBTOTLMAZS,0.11920816579028766
WB_Gender,UISFEP2V,0.1180327868852459
WB_Gender,UISFEP3V,0.20748530776368698
WB_Gender,UISFEP4V,0.07621404268481287
WB_Gender,UISFGP5T8F400,0.07442004330343334
WB_Gender,UISFGP5T8F600,0.068419424682957
WB_Gender,UISFGP5T8FNON500600700,0.07312094030312404
WB_Gender,UISGTVP2V,0.13467367769873184
WB_Gender,UISGTVP2VF,0.12700278379214353
WB_Gender,UISGTVP2VM,0.12718836993504484
WB_Gender,UISGTVP3V,0.22394061243427157
WB_Gender,UISGTVP3VF,0.20965047943086917
WB_Gender,UISGTVP3VM,0.2106402721930096
WB_Gender,UISGTVP4V,0.0830188679245283
WB_Gender,UISGTVP4VF,0.0774512836374884
WB_Gender,UISGTVP4VM,0.07763686978038974
WB_Gender,UISLPAG15T24,0.1557067738942159
WB_Gender,UISLPAG15T24F,0.1557067738942159
WB_Gender,UISLPAG15T24M,0.15583049798948345
WB_Gender,UISLPPAG15T24,0.1557067738942159
WB_Gender,UISROFST3FCP,0.1925765542839468
WB_Gender,UISROFST3MCP,0.19239096814104548
WB_Gender,VCIHRPSRCFEP5,0.1302196102690999
WB_Gender,VCIHRPSRCMAP5,0.1288586452211568
WB_Gender,VCIHRPSRCP5,0.23755026291370243
WB_Gender,fin1ta,0.03037426538818435
WB_Gender,fin1ta1,0.03037426538818435
WB_Gender,fin1ta2,0.03037426538818435
WB_Gender,fin14aa,0.010207237859573151
WB_Gender,fin14aa1,0.010207237859573151
WB_Gender,fin14aa2,0.010207237859573151
WB_Gender,fin14abcatd,0.020167027528611197
WB_Gender,fin14abcatd1,0.020167027528611197
WB_Gender,fin14abcatd2,0.020167027528611197
WB_Gender,fin14ba,0.010207237859573151
WB_Gender,fin14ba1,0.010207237859573151
WB_Gender,fin14ba2,0.010207237859573151
WB_Gender,fin15ta,0.020167027528611197
WB_Gender,fin15ta1,0.020167027528611197
WB_Gender,fin15ta2,0.020167027528611197
WB_Gender,fin16ta,0.020167027528611197
WB_Gender,fin16ta1,0.020167027528611197
WB_Gender,fin16ta2,0.020167027528611197
WB_Gender,fin17ata,0.03037426538818435
WB_Gender,fin17ata1,0.03037426538818435
WB_Gender,fin17ata2,0.03037426538818435
WB_Gender,fin17bta,0.021899164862356945
WB_Gender,fin17bta1,0.021899164862356945
WB_Gender,fin17bta2,0.021899164862356945
WB_Gender,fin17c14a,0.009959789669038046
WB_Gender,fin17c14a1,0.009959789669038046
WB_Gender,fin17c14a2,0.009959789669038046
WB_Gender,fin18td,0.020167027528611197
WB_Gender,fin18td1,0.020167027528611197
WB_Gender,fin18td2,0.020167027528611197
WB_Gender,fin19ta,0.020167027528611197
WB_Gender,fin19ta1,0.020167027528611197
WB_Gender,fin19ta2,0.020167027528611197
WB_Gender,fin2ta,0.03037426538818435
WB_Gender,fin2ta1,0.03037426538818435
WB_Gender,fin2ta2,0.03037426538818435
WB_Gender,fin20bta,0.020167027528611197
WB_Gender,fin20bta1,0.020167027528611197
WB_Gender,fin20bta2,0.020167027528611197
WB_Gender,fin21ta,0.020167027528611197
WB_Gender,fin21ta1,0.020167027528611197
WB_Gender,fin21ta2,0.020167027528611197
WB_Gender,fin21bt14a,0.020167027528611197
WB_Gender,fin21bt14a1,0.020167027528611197
WB_Gender,fin21bt14a2,0.020167027528611197
WB_Gender,fin22a14a,0.009959789669038046
WB_Gender,fin22a14a1,0.009959789669038046
WB_Gender,fin22a14a2,0.009959789669038046
WB_Gender,fin22ata,0.03037426538818435
WB_Gender,fin22ata1,0.03037426538818435
WB_Gender,fin22ata2,0.03037426538818435
WB_Gender,fin22atd,0.020167027528611197
WB_Gender,fin22atd1,0.020167027528611197
WB_Gender,fin22atd2,0.020167027528611197
WB_Gender,fin22bta,0.03037426538818435
WB_Gender,fin22bta1,0.03037426538818435
WB_Gender,fin22bta2,0.03037426538818435
WB_Gender,fin22ca,0.007423445716053201
WB_Gender,fin22ca1,0.007423445716053201
WB_Gender,fin22ca2,0.007423445716053201
WB_Gender,fin23td,0.020167027528611197
WB_Gender,fin23td1,0.020167027528611197
WB_Gender,fin23td2,0.020167027528611197
WB_Gender,fin24ata,0.020167027528611197
WB_Gender,fin24ata1,0.020167027528611197
WB_Gender,fin24ata2,0.020167027528611197
WB_Gender,fin24bta,0.020167027528611197
WB_Gender,fin24bta1,0.020167027528611197
WB_Gender,fin24bta2,0.020167027528611197
WB_Gender,fin25atas,0.020167027528611197
WB_Gender,fin25atas1,0.020167027528611197
WB_Gender,fin25atas2,0.020167027528611197
WB_Gender,fin25btas,0.020167027528611197
WB_Gender,fin25btas1,0.020167027528611197
WB_Gender,fin25btas2,0.020167027528611197
WB_Gender,fin25cas,0.010207237859573151
WB_Gender,fin25cas1,0.010207237859573151
WB_Gender,fin25cas2,0.010207237859573151
WB_Gender,fin25das,0.010207237859573151
WB_Gender,fin25das1,0.010207237859573151
WB_Gender,fin25das2,0.010207237859573151
WB_Gender,fin25eas,0.010207237859573151
WB_Gender,fin25eas1,0.010207237859573151
WB_Gender,fin25eas2,0.010207237859573151
WB_Gender,fin25fas,0.010207237859573151
WB_Gender,fin25fas1,0.010207237859573151
WB_Gender,fin25fas2,0.010207237859573151
WB_Gender,fin2628ta,0.01490875347974018
WB_Gender,fin2628ta1,0.01490875347974018
WB_Gender,fin2628ta2,0.01490875347974018
WB_Gender,fin26ta,0.01490875347974018
WB_Gender,fin26ta1,0.01490875347974018
WB_Gender,fin26ta2,0.01490875347974018
WB_Gender,fin28ta,0.01490875347974018
WB_Gender,fin28ta1,0.01490875347974018
WB_Gender,fin28ta2,0.01490875347974018
WB_Gender,fin30ta,0.020167027528611197
WB_Gender,fin30ta1,0.020167027528611197
WB_Gender,fin30ta2,0.020167027528611197
WB_Gender,fin3314a,0.007485307763686978
WB_Gender,fin3314a1,0.008042066192390968
WB_Gender,fin3314a2,0.008042066192390968
WB_Gender,fin37ta,0.020167027528611197
WB_Gender,fin37ta1,0.020167027528611197
WB_Gender,fin37ta2,0.020167027528611197
WB_Gender,fin38a,0.010207237859573151
WB_Gender,fin38a1,0.010207237859573151
WB_Gender,fin38a2,0.010207237859573151
WB_Gender,fin5d1,0.010207237859573151
WB_Gender,fin5d2,0.010207237859573151
WB_Gender,fin5ds,0.010145375811939375
WB_Gender,fin65e11a,0.007856480049489639
WB_Gender,fin65e11a1,0.007856480049489639
WB_Gender,fin65e11a2,0.007856480049489639
WB_Gender,fin7ta,0.03037426538818435
WB_Gender,fin7ta1,0.03037426538818435
WB_Gender,fin7ta2,0.03037426538818435
WB_Gender,fin9td1,0.0193628209093721
WB_Gender,fin9td11,0.019857717290442313
WB_Gender,fin9td12,0.018558614290133002
WB_Gender,fing2ptd,0.020167027528611197
WB_Gender,fing2ptd1,0.020167027528611197
WB_Gender,fing2ptd2,0.020167027528611197
WB_Gender,g20t,0.020167027528611197
WB_Gender,g20t1,0.020167027528611197
WB_Gender,g20t2,0.020167027528611197
WB_Gender,g20tmade,0.020167027528611197
WB_Gender,g20tmade1,0.020167027528611197
WB_Gender,g20tmade2,0.020167027528611197
WB_Gender,g20treceive,0.020167027528611197
WB_Gender,g20treceive1,0.020167027528611197
WB_Gender,g20treceive2,0.020167027528611197
WB_Gender,mobileaccounttd,0.010763996288277141
WB_Gender,mobileaccounttd1,0.010763996288277141
WB_Gender,mobileaccounttd2,0.010763996288277141
WB_HNP,HDHCIOVRL,0.037151511405081286
WB_HNP,HDHCIOVRLFE,0.032515299499289115
WB_HNP,HDHCIOVRLLB,0.037151511405081286
WB_HNP,HDHCIOVRLLBFE,0.032515299499289115
WB_HNP,HDHCIOVRLLBMA,0.032453483340545215
WB_HNP,HDHCIOVRLMA,0.032453483340545215
WB_HNP,HDHCIOVRLUB,0.037151511405081286
WB_HNP,HDHCIOVRLUBFE,0.032515299499289115
WB_HNP,HDHCIOVRLUBMA,0.032453483340545215
WB_HNP,NYGNPPCAPCD,0.6651418680843172
WB_HNP,SEADT1524LTFMZS,0.1491623910490202
WB_HNP,SEADT1524LTMAZS,0.149286023366508
WB_HNP,SEADT1524LTZS,0.1493478395252519
WB_HNP,SEADTLITRFEZS,0.1505841627001298
WB_HNP,SEADTLITRMAZS,0.1505841627001298
WB_HNP,SEADTLITRZS,0.1507696111763615
WB_HNP,SEENRORPH,0.013352290288681462
WB_HNP,SEPRMCMPTFEZS,0.39345985040489584
WB_HNP,SEPRMCMPTMAZS,0.39333621808740804
WB_HNP,SEPRMCMPTZS,0.43326945663596467
WB_HNP,SEPRMENRR,0.6067255980713359
WB_HNP,SEPRMENRRFE,0.5755084379056685
WB_HNP,SEPRMENRRMA,0.5755084379056685
WB_HNP,SEPRMNENR,0.3743586573530321
WB_HNP,SEPRMNENRFE,0.3017864869876986
WB_HNP,SEPRMNENRMA,0.3017246708289547
WB_HNP,SESECENRR,0.5332880014835878
WB_HNP,SESECENRRFE,0.4908203004265315
WB_HNP,SESECENRRMA,0.4908203004265315
WB_HNP,SESECNENR,0.2490573035791556
WB_HNP,SESECNENRFE,0.23681770414786424
WB_HNP,SESECNENRMA,0.23681770414786424
WB_HNP,SETERENRR,0.48717314706064163
WB_HNP,SETERENRRFE,0.4327131112072696
WB_HNP,SEXPDTOTLGDZS,0.3218767385794647
WB_HNP,SHALCPCAPFELI,0.07071768560301663
WB_HNP,SHALCPCAPLI,0.07071768560301663
WB_HNP,SHALCPCAPMALI,0.07071768560301663
WB_HNP,SHANMALLWZS,0.28806329974655376
WB_HNP,SHANMCHLDZS,0.28806329974655376
WB_HNP,SHANMNPRGZS,0.28806329974655376
WB_HNP,SHCON1524FEZS,0.010756011621437843
WB_HNP,SHCON1524MAZS,0.00896334301786487
WB_HNP,SHCONAIDSFEZS,0.011003276256413426
WB_HNP,SHCONAIDSMAZS,0.010508746986462262
WB_HNP,SHDTHCOMMZS,0.05612907213945725
WB_HNP,SHDTHINJRZS,0.05612907213945725
WB_HNP,SHDTHNCOMZS,0.05612907213945725
WB_HNP,SHDTHSTLB,0.2930085924460654
WB_HNP,SHDYNAIDS,0.2574024850095815
WB_HNP,SHDYNAIDSDH,0.2517153984051431
WB_HNP,SHDYNAIDSFEZS,0.2923286146998825
WB_HNP,SHDYNAIDSZS,0.30203375162267415
WB_HNP,SHDYNNCOMFEZS,0.2806453606972863
WB_HNP,SHDYNNCOMMAZS,0.2806453606972863
WB_HNP,SHDYNNCOMZS,0.2806453606972863
WB_HNP,SHDYNSTLB,0.2930085924460654
WB_HNP,SHFPLSATIZS,0.016628546702107932
WB_HNP,SHFPLSATMZS,0.03640971750015454
WB_HNP,SHH2OBASWRUZS,0.2674167027260926
WB_HNP,SHH2OBASWURZS,0.28398343326945663
WB_HNP,SHH2OBASWZS,0.3297892068986833
WB_HNP,SHH2OSMDWRUZS,0.0981640600853063
WB_HNP,SHH2OSMDWURZS,0.1325338443469123
WB_HNP,SHH2OSMDWZS,0.19156827594733264
WB_HNP,SHHIV0014,0.18013228657971195
WB_HNP,SHHIV1524FEZS,0.294430364097175
WB_HNP,SHHIV1524KWFEZS,0.02330469184644866
WB_HNP,SHHIV1524KWMAZS,0.014279532669839896
WB_HNP,SHHIV1524MAZS,0.294430364097175
WB_HNP,SHHIVARTCZS,0.20881498423687953
WB_HNP,SHHIVINCD,0.24961364900785066
WB_HNP,SHHIVINCD14,0.17438338381652965
WB_HNP,SHHIVINCD50P3,0.28472522717438337
WB_HNP,SHHIVINCDTL,0.2515299499289114
WB_HNP,SHHIVINCDTLP3,0.3059281696235396
WB_HNP,SHHIVINCDYG,0.2476973480867899
WB_HNP,SHHIVINCDYGP3,0.28466341101563947
WB_HNP,SHHIVINCDZS,0.28664152809544413
WB_HNP,SHHIVKNOWFEZS,0.02033751622674167
WB_HNP,SHHIVKNOWMAZS,0.012054150955059652
WB_HNP,SHHIVORPH,0.24979909748408233
WB_HNP,SHHIVPMTCZS,0.14298077517463065
WB_HNP,SHHIVTOTL,0.263027755455276
WB_HNP,SHHTNPREVFEZS,0.43765840390678123
WB_HNP,SHHTNPREVMAZS,0.43765840390678123
WB_HNP,SHHTNPREVZS,0.43765840390678123
WB_HNP,SHHTNTRETFEZS,0.43765840390678123
WB_HNP,SHHTNTRETMAZS,0.43765840390678123
WB_HNP,SHHTNTRETZS,0.43765840390678123
WB_HNP,SHIMMHEPB,0.32336032638931816
WB_HNP,SHIMMHIB3,0.2650676886938246
WB_HNP,SHIMMIBCG,0.4436545713049391
WB_HNP,SHIMMIDPT,0.5431785868826111
WB_HNP,SHIMMMEA2,0.20529146318847746
WB_HNP,SHIMMMEAS,0.535575199357112
WB_HNP,SHIMMPOL3,0.5434876676763306
WB_HNP,SHMEDBEDSZS,0.3003028991778451
WB_HNP,SHMEDCMHWP3,0.013105025653705879
WB_HNP,SHMEDNUMWP3,0.1565185139395438
WB_HNP,SHMEDPHYSZS,0.29640848117697965
WB_HNP,SHMEDSAOPP5,0.020955677814180628
WB_HNP,SHMLRINCDP3,0.1609074612103604
WB_HNP,SHMLRIPTPZS,0.010446930827718366
WB_HNP,SHMLRNETSZS,0.018235766829449218
WB_HNP,SHMLRTRETZS,0.01910119305186376
WB_HNP,SHMMRDTHS,0.25480620634233786
WB_HNP,SHMMRRISK,0.25480620634233786
WB_HNP,SHMMRRISKZS,0.25480620634233786
WB_HNP,SHMMRWAGEZS,0.046980280645360695
WB_HNP,SHPRGANEM,0.28806329974655376
WB_HNP,SHPRGSYPHZS,0.060147122457810474
WB_HNP,SHPRVSMOK,0.07047042096804104
WB_HNP,SHPRVSMOKFE,0.07047042096804104
WB_HNP,SHPRVSMOKMA,0.07047042096804104
WB_HNP,SHSGRCRSKZS,0.18248130061197998
WB_HNP,SHSGRIRSKZS,0.18248130061197998
WB_HNP,SHSGRPROCP5,0.004821660382023861
WB_HNP,SHSTAAIRPFEP5,0.014032268034864313
WB_HNP,SHSTAAIRPMAP5,0.014032268034864313
WB_HNP,SHSTAAIRPP5,0.014032268034864313
WB_HNP,SHSTAANV4ZS,0.04042776781850776
WB_HNP,SHSTAANVCZS,0.062372504172590715
WB_HNP,SHSTAARICZS,0.032453483340545215
WB_HNP,SHSTABASSRUZS,0.26976571675836064
WB_HNP,SHSTABASSURZS,0.2828089262533226
WB_HNP,SHSTABASSZS,0.32799653829511033
WB_HNP,SHSTABFEDZS,0.044074921184397604
WB_HNP,SHSTABRTCZS,0.17728874327749275
WB_HNP,SHSTABRTWZS,0.166470915497311
WB_HNP,SHSTADIABZS,0.032329851023057424
WB_HNP,SHSTAHYGNRUZS,0.08326636582802745
WB_HNP,SHSTAHYGNURZS,0.08209185881189343
WB_HNP,SHSTAHYGNZS,0.08610990913024665
WB_HNP,SHSTAIYCFZS,0.01477406193979106
WB_HNP,SHSTAMALNFEZS,0.043333127279470855
WB_HNP,SHSTAMALNMAZS,0.043333127279470855
WB_HNP,SHSTAMALNZS,0.07578661062001607
WB_HNP,SHSTAMALR,0.12567225072633986
WB_HNP,SHSTAMMRT,0.25480620634233786
WB_HNP,SHSTAMMRTNE,0.17407430302281016
WB_HNP,SHSTAODFCRUZS,0.2682821289485071
WB_HNP,SHSTAODFCURZS,0.2827471100945787
WB_HNP,SHSTAODFCZS,0.32521481115163503
WB_HNP,SHSTAORCFZS,0.028064536069728627
WB_HNP,SHSTAORTH,0.0626815849663102
WB_HNP,SHSTAOWADFEZS,0.6023366508005192
WB_HNP,SHSTAOWADMAZS,0.6023366508005192
WB_HNP,SHSTAOWADZS,0.6023366508005192
WB_HNP,SHSTAOWGHFEZS,0.042591333374544106
WB_HNP,SHSTAOWGHMAZS,0.042591333374544106
WB_HNP,SHSTAOWGHMEZS,0.2531371700562527
WB_HNP,SHSTAOWGHZS,0.0526055510910552
WB_HNP,SHSTAPNVCZS,0.009457872287816036
WB_HNP,SHSTAPOISP5,0.2806453606972863
WB_HNP,SHSTAPOISP5FE,0.2806453606972863
WB_HNP,SHSTAPOISP5MA,0.2806453606972863
WB_HNP,SHSTASMSSRUZS,0.1311120726958027
WB_HNP,SHSTASMSSURZS,0.1694999072757619
WB_HNP,SHSTASMSSZS,0.2060950732521481
WB_HNP,SHSTASTNTFEZS,0.043147678803239164
WB_HNP,SHSTASTNTMAZS,0.043147678803239164
WB_HNP,SHSTASTNTMEZS,0.2531371700562527
WB_HNP,SHSTASTNTZS,0.05810718921926192
WB_HNP,SHSTASUICFEP5,0.2806453606972863
WB_HNP,SHSTASUICMAP5,0.2806453606972863
WB_HNP,SHSTASUICP5,0.2806453606972863
WB_HNP,SHSTATRAFFEP5,0.2806453606972863
WB_HNP,SHSTATRAFMAP5,0.2806453606972863
WB_HNP,SHSTATRAFP5,0.28120170612598133
WB_HNP,SHSTAWASHFEP5,0.014032268034864313
WB_HNP,SHSTAWASHMAP5,0.014032268034864313
WB_HNP,SHSTAWASHP5,0.014032268034864313
WB_HNP,SHSTAWASTFEZS,0.043271311120726956
WB_HNP,SHSTAWASTMAZS,0.043333127279470855
WB_HNP,SHSTAWASTZS,0.0582926376954936
WB_HNP,SHSVRWASTFEZS,0.042653149533288
WB_HNP,SHSVRWASTMAZS,0.042653149533288
WB_HNP,SHSVRWASTZS,0.04796933918526303
WB_HNP,SHTBSCUREZS,0.2537553316436917
WB_HNP,SHTBSDTECZS,0.28144897076095693
WB_HNP,SHTBSINCD,0.29331767323978486
WB_HNP,SHTBSMORT,0.2920195339061631
WB_HNP,SHUHCNOP1TO,0.0031526240959386786
WB_HNP,SHUHCNOP1ZS,0.04599122210545837
WB_HNP,SHUHCNOP2TO,0.0031526240959386786
WB_HNP,SHUHCNOP2ZS,0.0031526240959386786
WB_HNP,SHUHCOOPC10TO,0.0031526240959386786
WB_HNP,SHUHCOOPC10ZS,0.047845706867775235
WB_HNP,SHUHCOOPC25TO,0.0031526240959386786
WB_HNP,SHUHCOOPC25ZS,0.047845706867775235
WB_HNP,SHUHCSRVSCVXD,0.07566297830252829
WB_HNP,SHVACTTNSZS,0.29072139457254126
WB_HNP,SHXPDCHEXGDZS,0.2705693268220313
WB_HNP,SHXPDCHEXPCCD,0.2705693268220313
WB_HNP,SHXPDCHEXPPCD,0.2705693268220313
WB_HNP,SHXPDEHEXCHZS,0.2705693268220313
WB_HNP,SHXPDEHEXEHZS,0.1448970760956914
WB_HNP,SHXPDEHEXPCCD,0.2705693268220313
WB_HNP,SHXPDEHEXPPCD,0.2705693268220313
WB_HNP,SHXPDGHEDCHZS,0.2705693268220313
WB_HNP,SHXPDGHEDGDZS,0.2705693268220313
WB_HNP,SHXPDGHEDGEZS,0.23811584348148607
WB_HNP,SHXPDGHEDPCCD,0.2705693268220313
WB_HNP,SHXPDGHEDPPCD,0.2705693268220313
WB_HNP,SHXPDKHEXGDZS,0.13766458552265562
WB_HNP,SHXPDOOPCCHZS,0.2705693268220313
WB_HNP,SHXPDOOPCPCCD,0.2705693268220313
WB_HNP,SHXPDOOPCPPCD,0.2705693268220313
WB_HNP,SHXPDPVTDCHZS,0.2705693268220313
WB_HNP,SHXPDPVTDPCCD,0.2705693268220313
WB_HNP,SHXPDPVTDPPCD,0.2705693268220313
WB_HNP,SIPOVNAHC,0.057859924584286335
WB_HNP,SLEMPINSVFEZS,0.18563392470791865
WB_HNP,SLTLFTOTLFEZS,0.427706002349014
WB_HNP,SLTLFTOTLIN,0.44192371886011006
WB_HNP,SLUEMTOTLFEZS,0.414106447425357
WB_HNP,SLUEMTOTLMAZS,0.414106447425357
WB_HNP,SLUEMTOTLZS,0.4283859800951969
WB_HNP,SNITKDEFC,0.18427396921555295
WB_HNP,SNITKDEFCZS,0.24077393830747357
WB_HNP,SNITKSALTZS,0.02175928787785127
WB_HNP,SNITKVITAZS,0.09198244421091674
WB_HNP,SPADOTFRT,0.8827347468628299
WB_HNP,SPDYNCONMSAZS,0.014217716511096
WB_HNP,SPDYNCONMZS,0.0839463435742103
WB_HNP,SPDYNCONUSAZS,0.014279532669839896
WB_HNP,SPDYNCONUZS,0.09297150275081906
WB_HNP,SPDYNSMAMFE,0.1281448970760957
WB_HNP,SPDYNSMAMMA,0.11423626135871917
WB_HNP,SPDYNTO65FEZS,0.8827347468628299
WB_HNP,SPDYNTO65MAZS,0.8827347468628299
WB_HNP,SPDYNWFRT,0.020955677814180628
WB_HNP,SPHOUFEMAZS,0.01947209000432713
WB_HNP,SPM152024FEZS,0.027075477529826298
WB_HNP,SPM182024FEZS,0.032638931816776906
WB_HNP,SPMTR1519ZS,0.023242875687704764
WB_HNP,SPREGBRTHFEZS,0.020152067750509983
WB_HNP,SPREGBRTHMAZS,0.020152067750509983
WB_HNP,SPREGBRTHRUZS,0.02021388390925388
WB_HNP,SPREGBRTHURZS,0.02021388390925388
WB_HNP,SPREGBRTHZS,0.03511157816653273
WB_HNP,SPREGDTHSZS,0.04141682635841009
WB_HNP,SPUWTTFRT,0.04197317178710515
WB_Pop,SHDTH0509,0.2999746856805333
WB_Pop,SHDTH1014,0.2999746856805333
WB_Pop,SHDTH1519,0.2999746856805333
WB_Pop,SHDTH2024,0.2999746856805333
WB_Pop,SHDTHIMRT,0.495696565690659
WB_Pop,SHDTHIMRTFE,0.49443084971732343
WB_Pop,SHDTHIMRTMA,0.49443084971732343
WB_Pop,SHDTHMORT,0.4795797822968526
WB_Pop,SHDTHMORTFE,0.47831406632351703
WB_Pop,SHDTHMORTMA,0.47831406632351703
WB_Pop,SHDTHNMRT,0.43000590667454225
WB_Pop,SHDYN0509,0.2999746856805333
WB_Pop,SHDYN1014,0.2999746856805333
WB_Pop,SHDYN1519,0.2999746856805333
WB_Pop,SHDYN2024,0.2999746856805333
WB_Pop,SHDYNMORT,0.4989030461564425
WB_Pop,SHDYNMORTFE,0.49789047337777403
WB_Pop,SHDYNMORTMA,0.49789047337777403
WB_Pop,SHDYNNMRT,0.43570162855455236
WB_Pop,SMPOPNETM,0.18074424099232134
WB_Pop,SPDYNAMRTFE,0.5953084127921694
WB_Pop,SPDYNAMRTMA,0.5953084127921694
WB_Pop,SPDYNCBRTIN,0.6782128090456502
WB_Pop,SPDYNCDRTIN,0.6772424267994263
WB_Pop,SPDYNIMRTFEIN,0.49789047337777403
WB_Pop,SPDYNIMRTIN,0.4989030461564425
WB_Pop,SPDYNIMRTMAIN,0.49789047337777403
WB_Pop,SPDYNLE00FEIN,0.6665260315585183
WB_Pop,SPDYNLE00IN,0.6665260315585183
WB_Pop,SPDYNLE00MAIN,0.6665260315585183
WB_Pop,SPDYNTFRTIN,0.6672854611425196
WB_Pop,SPPOP0004FE,0.9107248333473968
WB_Pop,SPPOP0004FE5Y,0.912117120918066
WB_Pop,SPPOP0004MA,0.9107248333473968
WB_Pop,SPPOP0004MA5Y,0.912117120918066
WB_Pop,SPPOP0014FEIN,0.9107248333473968
WB_Pop,SPPOP0014FEZS,0.912117120918066
WB_Pop,SPPOP0014MAIN,0.9107248333473968
WB_Pop,SPPOP0014MAZS,0.912117120918066
WB_Pop,SPPOP0014TO,0.9107248333473968
WB_Pop,SPPOP0014TOZS,0.912117120918066
WB_Pop,SPPOP0509FE,0.9107248333473968
WB_Pop,SPPOP0509FE5Y,0.912117120918066
WB_Pop,SPPOP0509MA,0.9107248333473968
WB_Pop,SPPOP0509MA5Y,0.912117120918066
WB_Pop,SPPOP1014FE,0.9107248333473968
WB_Pop,SPPOP1014FE5Y,0.912117120918066
WB_Pop,SPPOP1014MA,0.9107248333473968
WB_Pop,SPPOP1014MA5Y,0.912117120918066
WB_Pop,SPPOP1519FE,0.9107248333473968
WB_Pop,SPPOP1519FE5Y,0.912117120918066
WB_Pop,SPPOP1519MA,0.9107248333473968
WB_Pop,SPPOP1519MA5Y,0.912117120918066
WB_Pop,SPPOP1564FEIN,0.9107248333473968
WB_Pop,SPPOP1564FEZS,0.912117120918066
WB_Pop,SPPOP1564MAIN,0.9107248333473968
WB_Pop,SPPOP1564MAZS,0.912117120918066
WB_Pop,SPPOP1564TO,0.9107248333473968
WB_Pop,SPPOP1564TOZS,0.912117120918066
WB_Pop,SPPOP2024FE,0.9107248333473968
WB_Pop,SPPOP2024FE5Y,0.912117120918066
WB_Pop,SPPOP2024MA,0.9107248333473968
WB_Pop,SPPOP2024MA5Y,0.912117120918066
WB_Pop,SPPOP2529FE,0.9107248333473968
WB_Pop,SPPOP2529FE5Y,0.912117120918066
WB_Pop,SPPOP2529MA,0.9107248333473968
WB_Pop,SPPOP2529MA5Y,0.912117120918066
WB_Pop,SPPOP3034FE,0.9107248333473968
WB_Pop,SPPOP3034FE5Y,0.912117120918066
WB_Pop,SPPOP3034MA,0.9107248333473968
WB_Pop,SPPOP3034MA5Y,0.912117120918066
WB_Pop,SPPOP3539FE,0.9107248333473968
WB_Pop,SPPOP3539FE5Y,0.912117120918066
WB_Pop,SPPOP3539MA,0.9107248333473968
WB_Pop,SPPOP3539MA5Y,0.912117120918066
WB_Pop,SPPOP4044FE,0.9107248333473968
WB_Pop,SPPOP4044FE5Y,0.912117120918066
WB_Pop,SPPOP4044MA,0.9107248333473968
WB_Pop,SPPOP4044MA5Y,0.912117120918066
WB_Pop,SPPOP4549FE,0.9107248333473968
WB_Pop,SPPOP4549FE5Y,0.912117120918066
WB_Pop,SPPOP4549MA,0.9107248333473968
WB_Pop,SPPOP4549MA5Y,0.912117120918066
WB_Pop,SPPOP5054FE,0.9107248333473968
WB_Pop,SPPOP5054FE5Y,0.912117120918066
WB_Pop,SPPOP5054MA,0.9107248333473968
WB_Pop,SPPOP5054MA5Y,0.912117120918066
WB_Pop,SPPOP5559FE,0.9107248333473968
WB_Pop,SPPOP5559FE5Y,0.912117120918066
WB_Pop,SPPOP5559MA,0.9107248333473968
WB_Pop,SPPOP5559MA5Y,0.912117120918066
WB_Pop,SPPOP6064FE,0.9107248333473968
WB_Pop,SPPOP6064FE5Y,0.912117120918066
WB_Pop,SPPOP6064MA,0.9107248333473968
WB_Pop,SPPOP6064MA5Y,0.912117120918066
WB_Pop,SPPOP6569FE,0.9107248333473968
WB_Pop,SPPOP6569FE5Y,0.912117120918066
WB_Pop,SPPOP6569MA,0.9107248333473968
WB_Pop,SPPOP6569MA5Y,0.912117120918066
WB_Pop,SPPOP65UPFEIN,0.9107248333473968
WB_Pop,SPPOP65UPFEZS,0.912117120918066
WB_Pop,SPPOP65UPMAIN,0.9107248333473968
WB_Pop,SPPOP65UPMAZS,0.912117120918066
WB_Pop,SPPOP65UPTO,0.9107248333473968
WB_Pop,SPPOP65UPTOZS,0.912117120918066
WB_Pop,SPPOP7074FE,0.9107248333473968
WB_Pop,SPPOP7074FE5Y,0.912117120918066
WB_Pop,SPPOP7074MA,0.9107248333473968
WB_Pop,SPPOP7074MA5Y,0.912117120918066
WB_Pop,SPPOP7579FE,0.9107248333473968
WB_Pop,SPPOP7579FE5Y,0.912117120918066
WB_Pop,SPPOP7579MA,0.9107248333473968
WB_Pop,SPPOP7579MA5Y,0.912117120918066
WB_Pop,SPPOP80UPFE,0.9107248333473968
WB_Pop,SPPOP80UPFE5Y,0.912117120918066
WB_Pop,SPPOP80UPMA,0.9107248333473968
WB_Pop,SPPOP80UPMA5Y,0.912117120918066
WB_Pop,SPPOPAG00FEIN,0.7431862290102101
WB_Pop,SPPOPAG00MAIN,0.7431862290102101
WB_Pop,SPPOPAG01FEIN,0.7431862290102101
WB_Pop,SPPOPAG01MAIN,0.7431862290102101
WB_Pop,SPPOPAG02FEIN,0.7431862290102101
WB_Pop,SPPOPAG02MAIN,0.7431862290102101
WB_Pop,SPPOPAG03FEIN,0.7431862290102101
WB_Pop,SPPOPAG03MAIN,0.7431862290102101
WB_Pop,SPPOPAG04FEIN,0.7431862290102101
WB_Pop,SPPOPAG04MAIN,0.7431862290102101
WB_Pop,SPPOPAG05FEIN,0.7431862290102101
WB_Pop,SPPOPAG05MAIN,0.7431862290102101
WB_Pop,SPPOPAG06FEIN,0.7431862290102101
WB_Pop,SPPOPAG06MAIN,0.7431862290102101
WB_Pop,SPPOPAG07FEIN,0.7431862290102101
WB_Pop,SPPOPAG07MAIN,0.7431862290102101
WB_Pop,SPPOPAG08FEIN,0.7431862290102101
WB_Pop,SPPOPAG08MAIN,0.7431862290102101
WB_Pop,SPPOPAG09FEIN,0.7431862290102101
WB_Pop,SPPOPAG09MAIN,0.7431862290102101
WB_Pop,SPPOPAG10FEIN,0.7431862290102101
WB_Pop,SPPOPAG10MAIN,0.7431862290102101
WB_Pop,SPPOPAG11FEIN,0.7431862290102101
WB_Pop,SPPOPAG11MAIN,0.7431862290102101
WB_Pop,SPPOPAG12FEIN,0.7431862290102101
WB_Pop,SPPOPAG12MAIN,0.7431862290102101
WB_Pop,SPPOPAG13FEIN,0.7431862290102101
WB_Pop,SPPOPAG13MAIN,0.7431862290102101
WB_Pop,SPPOPAG14FEIN,0.7431862290102101
WB_Pop,SPPOPAG14MAIN,0.7431862290102101
WB_Pop,SPPOPAG15FEIN,0.7431862290102101
WB_Pop,SPPOPAG15MAIN,0.7431862290102101
WB_Pop,SPPOPAG16FEIN,0.7431862290102101
WB_Pop,SPPOPAG16MAIN,0.7431862290102101
WB_Pop,SPPOPAG17FEIN,0.7431862290102101
WB_Pop,SPPOPAG17MAIN,0.7431862290102101
WB_Pop,SPPOPAG18FEIN,0.7431862290102101
WB_Pop,SPPOPAG18MAIN,0.7431862290102101
WB_Pop,SPPOPAG19FEIN,0.7431862290102101
WB_Pop,SPPOPAG19MAIN,0.7431862290102101
WB_Pop,SPPOPAG20FEIN,0.7431862290102101
WB_Pop,SPPOPAG20MAIN,0.7431862290102101
WB_Pop,SPPOPAG21FEIN,0.7431862290102101
WB_Pop,SPPOPAG21MAIN,0.7431862290102101
WB_Pop,SPPOPAG22FEIN,0.7431862290102101
WB_Pop,SPPOPAG22MAIN,0.7431862290102101
WB_Pop,SPPOPAG23FEIN,0.7431862290102101
WB_Pop,SPPOPAG23MAIN,0.7431862290102101
WB_Pop,SPPOPAG24FEIN,0.7431862290102101
WB_Pop,SPPOPAG24MAIN,0.7431862290102101
WB_Pop,SPPOPAG25FEIN,0.7431862290102101
WB_Pop,SPPOPAG25MAIN,0.7431862290102101
WB_Pop,SPPOPBRTHMF,0.2800607543667201
WB_Pop,SPPOPDPND,0.9107248333473968
WB_Pop,SPPOPDPNDOL,0.9107248333473968
WB_Pop,SPPOPDPNDYG,0.9107248333473968
WB_Pop,SPPOPGROW,0.714581048012826
WB_Pop,SPPOPTOTL,0.9939667538604338
WB_Pop,SPPOPTOTLFEIN,0.9107248333473968
WB_Pop,SPPOPTOTLFEZS,0.912117120918066
WB_Pop,SPPOPTOTLMAIN,0.9107248333473968
WB_Pop,SPPOPTOTLMAZS,0.912117120918066
WB_Pop,SPRURTOTL,0.9875537929288668
WB_Pop,SPRURTOTLZG,0.6888448232216691
WB_Pop,SPRURTOTLZS,0.9927432284195427
WB_Pop,SPURBGROW,0.7095603746519281
WB_Pop,SPURBTOTL,0.9875537929288668
WB_Pop,SPURBTOTLINZS,0.9927432284195427
WB_WDI,AGAGRTRACNO,0.5070832044540674
WB_WDI,AGCONFERTPTZS,0.4141045468605011
WB_WDI,AGCONFERTZS,0.6298175069594804
WB_WDI,AGLNDAGRIK2,0.8616764614908754
WB_WDI,AGLNDAGRIZS,0.8514692236313022
WB_WDI,AGLNDARBLHA,0.6801113516857408
WB_WDI,AGLNDARBLHAPC,0.8408289514382926
WB_WDI,AGLNDARBLZS,0.842128054438602
WB_WDI,AGLNDCRELHA,0.7553356016084133
WB_WDI,AGLNDCROPZS,0.8057531704299412
WB_WDI,AGLNDEL5MRUK2,0.04212805443860192
WB_WDI,AGLNDEL5MRUZS,0.041942468295700586
WB_WDI,AGLNDEL5MURK2,0.04212805443860192
WB_WDI,AGLNDEL5MURZS,0.041942468295700586
WB_WDI,AGLNDEL5MZS,0.041942468295700586
WB_WDI,AGLNDFRSTK2,0.49699969068976185
WB_WDI,AGLNDFRSTZS,0.4960098979276214
WB_WDI,AGLNDIRIGAGZS,0.06019177234766471
WB_WDI,AGLNDPRCPMM,0.12508506031549643
WB_WDI,AGLNDTOTLK2,0.9704918032786886
WB_WDI,AGLNDTOTLRUK2,0.04212805443860192
WB_WDI,AGLNDTOTLURK2,0.04212805443860192
WB_WDI,AGLNDTRACZS,0.48308072997216206
WB_WDI,AGPRDCRELMT,0.7567584287039901
WB_WDI,AGPRDCROPXD,0.8096504794308692
WB_WDI,AGPRDFOODXD,0.8169502010516548
WB_WDI,AGPRDLVSKXD,0.8149087534797402
WB_WDI,AGSRFTOTLK2,0.9347355397463656
WB_WDI,AGYLDCRELKG,0.7546551190844417
WB_WDI,BGGSRNFSVGDZS,0.5423445716053201
WB_WDI,BMGSRCMCPZS,0.5332508506031549
WB_WDI,BMGSRFCTYCD,0.5275595422208476
WB_WDI,BMGSRGNFSCD,0.5430250541292917
WB_WDI,BMGSRINSFZS,0.5227961645530467
WB_WDI,BMGSRMRCHCD,0.5440148468914321
WB_WDI,BMGSRNFSVCD,0.5417259511289824
WB_WDI,BMGSRROYLCD,0.5303433343643674
WB_WDI,BMGSRTOTLCD,0.5441385709866997
WB_WDI,BMGSRTRANZS,0.5328178162697186
WB_WDI,BMGSRTRVLZS,0.5271883699350448
WB_WDI,BMKLTDINVCDWD,0.5909681410454686
WB_WDI,BMKLTDINVWDGDZS,0.5464274667491494
WB_WDI,BMTRFPRVTCD,0.5159913393133313
WB_WDI,BMTRFPWKRCDDT,0.5323229198886483
WB_WDI,BNCABXOKACD,0.43124033405505724
WB_WDI,BNCABXOKAGDZS,0.4163934426229508
WB_WDI,BNFINTOTLCD,0.43018867924528303
WB_WDI,BNGSRFCTYCD,0.43105474791215587
WB_WDI,BNGSRGNFSCD,0.43124033405505724
WB_WDI,BNGSRMRCHCD,0.43105474791215587
WB_WDI,BNKACEOMSCD,0.43018867924528303
WB_WDI,BNKLTDINVCD,0.4282090937210022
WB_WDI,BNKLTPTXLCD,0.4101453758119394
WB_WDI,BNRESINCLCD,0.43018867924528303
WB_WDI,BNTRFCURRCD,0.43124033405505724
WB_WDI,BNTRFKOGTCD,0.406928549334983
WB_WDI,BXGRTEXTACDWD,0.5360346427466749
WB_WDI,BXGRTTECHCDWD,0.527992576554284
WB_WDI,BXGSRCCISCD,0.2911846582121868
WB_WDI,BXGSRCCISZS,0.30064955150015465
WB_WDI,BXGSRCMCPZS,0.5318280235075781
WB_WDI,BXGSRFCTYCD,0.526569749458707
WB_WDI,BXGSRGNFSCD,0.5362202288895762
WB_WDI,BXGSRINSFZS,0.5124033405505722
WB_WDI,BXGSRMRCHCD,0.5342406433652954
WB_WDI,BXGSRNFSVCD,0.5425301577482214
WB_WDI,BXGSRROYLCD,0.5101763068357562
WB_WDI,BXGSRTOTLCD,0.5359109186514074
WB_WDI,BXGSRTRANZS,0.5204454067429632
WB_WDI,BXGSRTRVLZS,0.5223631302196102
WB_WDI,BXKLTDINVCDWD,0.6797401793999381
WB_WDI,BXKLTDINVWDGDZS,0.641261985771729
WB_WDI,BXPEFTOTLCDWD,0.5344880915558305
WB_WDI,BXTRFCURRCD,0.5255180946489328
WB_WDI,BXTRFPWKRCD,0.43328178162697184
WB_WDI,BXTRFPWKRCDDT,0.558428703990102
WB_WDI,BXTRFPWKRDTGDZS,0.517166718218373
WB_WDI,CMMKTINDXZG,0.12582740488710176
WB_WDI,CMMKTLCAPCD,0.1978966903804516
WB_WDI,CMMKTLCAPGDZS,0.1959789669038045
WB_WDI,CMMKTLDOMNO,0.23680791834209713
WB_WDI,CMMKTTRADCD,0.2209712341478503
WB_WDI,CMMKTTRADGDZS,0.2193009588617383
WB_WDI,CMMKTTRNR,0.2361274358181256
WB_WDI,DCDACAUSLCD,0.4230745437673987
WB_WDI,DCDACAUTLCD,0.47386328487472934
WB_WDI,DCDACBELLCD,0.4772656974945871
WB_WDI,DCDACCANLCD,0.5524899474172595
WB_WDI,DCDACCECLCD,0.5505722239406124
WB_WDI,DCDACCHELCD,0.49557686359418496
WB_WDI,DCDACCZELCD,0.12508506031549643
WB_WDI,DCDACDEULCD,0.6123105474791216
WB_WDI,DCDACDNKLCD,0.40117537890504174
WB_WDI,DCDACESPLCD,0.3054129291679555
WB_WDI,DCDACFINLCD,0.3893597278069904
WB_WDI,DCDACFRALCD,0.5414166408908135
WB_WDI,DCDACGBRLCD,0.5899164862356944
WB_WDI,DCDACGRCLCD,0.18360655737704917
WB_WDI,DCDACHUNLCD,0.09483451902257965
WB_WDI,DCDACIRLLCD,0.30275286111970307
WB_WDI,DCDACISLLCD,0.11011444478812249
WB_WDI,DCDACITALCD,0.4965047943086916
WB_WDI,DCDACJPNLCD,0.593628209093721
WB_WDI,DCDACKORLCD,0.35855242808536963
WB_WDI,DCDACLUXLCD,0.22975564491184658
WB_WDI,DCDACNLDLCD,0.4895762449737086
WB_WDI,DCDACNORLCD,0.44367460562944633
WB_WDI,DCDACNZLLCD,0.3111042375502629
WB_WDI,DCDACPOLLCD,0.11654809774203526
WB_WDI,DCDACPRTLCD,0.17661614599443243
WB_WDI,DCDACSVKLCD,0.06792452830188679
WB_WDI,DCDACSVNLCD,0.06316115063408599
WB_WDI,DCDACSWELCD,0.427157438911228
WB_WDI,DCDACTOTLCD,0.683946798639035
WB_WDI,DCDACUSALCD,0.561212496133622
WB_WDI,DCODATLDCCD,0.07850293844726261
WB_WDI,DCODATLDCGNZS,0.07615218063717909
WB_WDI,DCODATOTLCD,0.08376121249613362
WB_WDI,DCODATOTLGNZS,0.08097742035261367
WB_WDI,DCODATOTLKD,0.08376121249613362
WB_WDI,DTDODDECTCD,0.37469842251778535
WB_WDI,DTDODDECTGNZS,0.3435818125579957
WB_WDI,DTDODDIMFCD,0.34778843179709246
WB_WDI,DTDODDLXFCD,0.37395607794618
WB_WDI,DTDODDPNGCD,0.2108877203835447
WB_WDI,DTDODDPPGCD,0.3755026291370244
WB_WDI,DTDODDSTCCD,0.3625734611815651
WB_WDI,DTDODDSTCIRZS,0.36201670275286113
WB_WDI,DTDODDSTCXPZS,0.34537581193937517
WB_WDI,DTDODDSTCZS,0.3796473863284875
WB_WDI,DTDODMIBRCD,0.24497370862975565
WB_WDI,DTDODMIDACD,0.30380451592947727
WB_WDI,DTDODMWBGCD,0.36566656356325394
WB_WDI,DTDODPVLXCD,0.008413238478193629
WB_WDI,DTDODPVLXEXZS,0.006248066811011445
WB_WDI,DTDODPVLXGNZS,0.007299721620785648
WB_WDI,DTNFLBLATCD,0.3676461490875348
WB_WDI,DTNFLBONDCD,0.1369007114135478
WB_WDI,DTNFLDPNGCD,0.2017939993813795
WB_WDI,DTNFLFAOGCD,0.03724095267553356
WB_WDI,DTNFLIAEACD,0.12434271574389112
WB_WDI,DTNFLIFADCD,0.3364676770801113
WB_WDI,DTNFLILOGCD,0.08716362511599134
WB_WDI,DTNFLIMFCCD,0.07355397463656047
WB_WDI,DTNFLIMFNCD,0.2384781936282091
WB_WDI,DTNFLMIBRCD,0.3806371790906279
WB_WDI,DTNFLMIDACD,0.4060624806681101
WB_WDI,DTNFLMLATCD,0.36968759665944945
WB_WDI,DTNFLMOTHCD,0.3272502319826786
WB_WDI,DTNFLNIFCCD,0.49421589854624187
WB_WDI,DTNFLOFFTCD,0.3730281472316734
WB_WDI,DTNFLPBNDCD,0.15211877513145686
WB_WDI,DTNFLPCBKCD,0.26990411382616764
WB_WDI,DTNFLPCBOCD,0.26940921744509744
WB_WDI,DTNFLPNGBCD,0.05691308382307454
WB_WDI,DTNFLPNGCCD,0.19987627590473245
WB_WDI,DTNFLPROPCD,0.28178162697185277
WB_WDI,DTNFLPRVTCD,0.3220538199814414
WB_WDI,DTNFLRDBCCD,0.26408908134859266
WB_WDI,DTNFLRDBNCD,0.2587689452520878
WB_WDI,DTNFLUNAICD,0.1334364367460563
WB_WDI,DTNFLUNCFCD,0.4786885245901639
WB_WDI,DTNFLUNCRCD,0.35112898236931644
WB_WDI,DTNFLUNDPCD,0.5760593875657284
WB_WDI,DTNFLUNECCD,0.01769254562326013
WB_WDI,DTNFLUNEPCD,0.0012372409526755336
WB_WDI,DTNFLUNFPCD,0.4264769563872564
WB_WDI,DTNFLUNPBCD,0.04732446643983916
WB_WDI,DTNFLUNRWCD,0.07417259511289824
WB_WDI,DTNFLUNTACD,0.4705227343025054
WB_WDI,DTNFLUNWTCD,0.004144757191463037
WB_WDI,DTNFLWFPGCD,0.3965975873801423
WB_WDI,DTNFLWHOLCD,0.09167955459325704
WB_WDI,DTODAALLDCD,0.6906278997834828
WB_WDI,DTODAALLDKD,0.6907516238787503
WB_WDI,DTODAOATLCD,0.05010825858335911
WB_WDI,DTODAOATLKD,0.05010825858335911
WB_WDI,DTODAODATCD,0.6699041138261677
WB_WDI,DTODAODATGIZS,0.47182183730281474
WB_WDI,DTODAODATGNZS,0.5672749768017321
WB_WDI,DTODAODATKD,0.6699041138261677
WB_WDI,DTODAODATMPZS,0.42029075162387874
WB_WDI,DTODAODATPCZS,0.6697185276832663
WB_WDI,DTODAODATXPZS,0.1416640890813486
WB_WDI,DTTDSDECTCD,0.3734611815651098
WB_WDI,DTTDSDECTEXZS,0.3007732755954222
WB_WDI,DTTDSDECTGNZS,0.40680482523971545
WB_WDI,DTTDSDIMFCD,0.33219919579338075
WB_WDI,DTTDSDPPFXPZS,0.36133622022888956
WB_WDI,DTTDSDPPGCD,0.37222394061243425
WB_WDI,DTTDSDPPGGNZS,0.4075471698113208
WB_WDI,DTTDSDPPGXPZS,0.35007732755954224
WB_WDI,DTTDSMLATCD,0.36739870089699966
WB_WDI,DTTDSMLATPGZS,0.3657284256108877
WB_WDI,EGCFTACCSZS,0.24924218991648622
WB_WDI,EGEGYPRIMPPKD,0.3074543767398701
WB_WDI,EGELCACCSRUZS,0.39696875966594497
WB_WDI,EGELCACCSURZS,0.41583668419424685
WB_WDI,EGELCACCSZS,0.41787813176616145
WB_WDI,EGELCCOALZS,0.5017012063099289
WB_WDI,EGELCFOSLZS,0.5017012063099289
WB_WDI,EGELCHYROZS,0.5017012063099289
WB_WDI,EGELCLOSSZS,0.5031240334055057
WB_WDI,EGELCNGASZS,0.5017012063099289
WB_WDI,EGELCNUCLZS,0.49378286421280543
WB_WDI,EGELCPETRZS,0.5017012063099289
WB_WDI,EGELCRNEWZS,0.4264769563872564
WB_WDI,EGELCRNWXKH,0.517166718218373
WB_WDI,EGELCRNWXZS,0.5017012063099289
WB_WDI,EGFECRNEWZS,0.4527683266316115
WB_WDI,EGGDPPUSEKOPP,0.280606248066811
WB_WDI,EGGDPPUSEKOPPKD,0.276461490875348
WB_WDI,EGIMPCONSZS,0.5103618929786576
WB_WDI,EGUSECOMMCLZS,0.5088153417878132
WB_WDI,EGUSECOMMFOZS,0.5057222394061244
WB_WDI,EGUSECOMMGDPPKD,0.276461490875348
WB_WDI,EGUSECRNWZS,0.5088153417878132
WB_WDI,EGUSEELECKHPC,0.481719764924219
WB_WDI,EGUSEPCAPKGOE,0.49353541602227036
WB_WDI,ENATMCO2EEGZS,0.5067738942158986
WB_WDI,ENATMCO2EGFKT,0.7625734611815651
WB_WDI,ENATMCO2EGFZS,0.7884936591401175
WB_WDI,ENATMCO2EKDGD,0.6777605938756572
WB_WDI,ENATMCO2EKT,0.8255490256727498
WB_WDI,ENATMCO2ELFKT,0.8123105474791216
WB_WDI,ENATMCO2ELFZS,0.7884936591401175
WB_WDI,ENATMCO2EPC,0.8253634395298485
WB_WDI,ENATMCO2EPPGD,0.40278379214351995
WB_WDI,ENATMCO2EPPGDKD,0.39863903495205694
WB_WDI,ENATMCO2ESFKT,0.7467367769873183
WB_WDI,ENATMCO2ESFZS,0.7884936591401175
WB_WDI,ENATMGHGOKTCE,0.6783173523043613
WB_WDI,ENATMGHGOZG,0.3184039591710486
WB_WDI,ENATMGHGTKTCE,0.7253943705536653
WB_WDI,ENATMGHGTZG,0.3068976183111661
WB_WDI,ENATMHFCGKTCE,0.043550881534178784
WB_WDI,ENATMMETHAGKTCE,0.772842561088772
WB_WDI,ENATMMETHAGZS,0.5899164862356944
WB_WDI,ENATMMETHEGKTCE,0.7730281472316733
WB_WDI,ENATMMETHEGZS,0.5899164862356944
WB_WDI,ENATMMETHKTCE,0.7391277451283638
WB_WDI,ENATMMETHZG,0.3402412619857717
WB_WDI,ENATMNOXEAGKTCE,0.772842561088772
WB_WDI,ENATMNOXEAGZS,0.5855242808536962
WB_WDI,ENATMNOXEEGKTCE,0.7730281472316733
WB_WDI,ENATMNOXEEGZS,0.5855242808536962
WB_WDI,ENATMNOXEKTCE,0.7391277451283638
WB_WDI,ENATMNOXEZG,0.3416022270337148
WB_WDI,ENATMPFCGKTCE,0.043550881534178784
WB_WDI,ENATMPM25MCM3,0.17964738632848748
WB_WDI,ENATMPM25MCT1ZS,0.1440148468914321
WB_WDI,ENATMPM25MCT2ZS,0.1440148468914321
WB_WDI,ENATMPM25MCT3ZS,0.1440148468914321
WB_WDI,ENATMPM25MCZS,0.17964738632848748
WB_WDI,ENATMSF6GKTCE,0.043860191772347665
WB_WDI,ENBIRTHRDNO,0.016269718527683268
WB_WDI,ENCLCDRSKXQ,0.005134549953603464
WB_WDI,ENCLCGHGRMTCE,0.05821218682338385
WB_WDI,ENCLCMDATZS,0.010392824002474483
WB_WDI,ENCO2BLDGZS,0.5073306526446025
WB_WDI,ENCO2ETOTZS,0.5073306526446025
WB_WDI,ENCO2MANFZS,0.5073306526446025
WB_WDI,ENCO2OTHXZS,0.5073306526446025
WB_WDI,ENCO2TRANZS,0.5073306526446025
WB_WDI,ENFSHTHRDNO,0.016269718527683268
WB_WDI,ENHPTTHRDNO,0.016269718527683268
WB_WDI,ENMAMTHRDNO,0.016269718527683268
WB_WDI,ENPOPDNST,0.9685122177544077
WB_WDI,ENPOPEL5MRUZS,0.04212805443860192
WB_WDI,ENPOPEL5MURZS,0.04212805443860192
WB_WDI,ENPOPEL5MZS,0.04212805443860192
WB_WDI,ENPOPSLUMURZS,0.052025982060006186
WB_WDI,ENURBLCTY,0.5773584905660377
WB_WDI,ENURBLCTYURZS,0.7413547788431797
WB_WDI,ENURBMCTY,0.45660377358490567
WB_WDI,ENURBMCTYTLZS,0.5998144138570987
WB_WDI,EPPMPDESLCD,0.14389112279616456
WB_WDI,EPPMPSGASCD,0.14537581193937518
WB_WDI,ERFSHAQUAMT,0.7211258892669348
WB_WDI,ERFSHCAPTMT,0.8979894834519022
WB_WDI,ERFSHPRODMT,0.907763686978039
WB_WDI,ERGDPFWTLM3KD,0.09539127745128363
WB_WDI,ERH2OFWAGZS,0.07095576863594184
WB_WDI,ERH2OFWDMZS,0.07089390658830808
WB_WDI,ERH2OFWINZS,0.06959480358799876
WB_WDI,ERH2OFWSTZS,0.08518403959171049
WB_WDI,ERH2OFWTLK3,0.07540983606557378
WB_WDI,ERH2OFWTLZS,0.07386328487472936
WB_WDI,ERH2OINTRK3,0.15818125579956696
WB_WDI,ERH2OINTRPC,0.15873801422827097
WB_WDI,ERLNDPTLDZS,0.048004948963810704
WB_WDI,ERMRNPTMRZS,0.03773584905660377
WB_WDI,ERPTDTOTLZS,0.04794308691617693
WB_WDI,FBASTNPERZS,0.10658830807299721
WB_WDI,FBATMTOTLP5,0.21973399319517475
WB_WDI,FBBNKCAPAZS,0.10281472316733684
WB_WDI,FBCBKBRCHP5,0.22876585214970616
WB_WDI,FBCBKBRWRP3,0.11147540983606558
WB_WDI,FBCBKDPTRP3,0.10788741107330653
WB_WDI,FDASTPRVTGDZS,0.6527683266316116
WB_WDI,FDRESLIQUASZS,0.22208475100525826
WB_WDI,FIRESTOTLCD,0.5364058150324775
WB_WDI,FIRESTOTLDTZS,0.40575317042994125
WB_WDI,FIRESTOTLMO,0.5142592019795855
WB_WDI,FIRESXGLDCD,0.5364058150324775
WB_WDI,FMASTCGOVZGM3,0.4767708011135169
WB_WDI,FMASTDOMOZGM3,0.16034642746674915
WB_WDI,FMASTDOMSCN,0.5112898236931642
WB_WDI,FMASTNFRGCN,0.5125889266934736
WB_WDI,FMASTPRVTGDZS,0.6509124652025982
WB_WDI,FMASTPRVTZGM3,0.47708011135168576
WB_WDI,FMLBLBMNYCN,0.4906278997834828
WB_WDI,FMLBLBMNYGDZS,0.6243117847200742
WB_WDI,FMLBLBMNYIRZS,0.45190225796473865
WB_WDI,FMLBLBMNYZG,0.4791834209712342
WB_WDI,FPCPITOTL,0.5128982369316425
WB_WDI,FPWPITOTL,0.10838230745437674
WB_WDI,FRINRDPST,0.2789978348283328
WB_WDI,FRINRLEND,0.2702134240643365
WB_WDI,FRINRLNDP,0.2894525208784411
WB_WDI,FRINRRINR,0.26025363439529847
WB_WDI,FRINRRISK,0.1411073306526446
WB_WDI,FSASTCGOVGDZS,0.6481286730590783
WB_WDI,FSASTDOMOGDZS,0.04280853696257346
WB_WDI,FSASTDOMSGDZS,0.08252397154345809
WB_WDI,FSASTPRVTGDZS,0.5482214661305289
WB_WDI,FXOWNTOTL40ZS,0.02981750695948036
WB_WDI,FXOWNTOTL60ZS,0.02981750695948036
WB_WDI,FXOWNTOTLOLZS,0.03037426538818435
WB_WDI,FXOWNTOTLPLZS,0.030312403340550572
WB_WDI,FXOWNTOTLSOZS,0.030312403340550572
WB_WDI,FXOWNTOTLYGZS,0.03037426538818435
WB_WDI,GBXPDRSDVGDZS,0.1564491184658212
WB_WDI,GCASTTOTLCN,0.15106712032168265
WB_WDI,GCASTTOTLGDZS,0.16275904732446644
WB_WDI,GCDODTOTLCN,0.07912155892360037
WB_WDI,GCDODTOTLGDZS,0.0867305907825549
WB_WDI,GCLBLTOTLCN,0.15978966903804515
WB_WDI,GCLBLTOTLGDZS,0.17834828332817818
WB_WDI,GCNFNTOTLCN,0.21497061552737395
WB_WDI,GCNFNTOTLGDZS,0.2511599133931333
WB_WDI,GCNLDTOTLCN,0.23359109186514074
WB_WDI,GCNLDTOTLGDZS,0.26823383854005567
WB_WDI,GCREVGOTRCN,0.2275904732446644
WB_WDI,GCREVGOTRZS,0.27633776678008043
WB_WDI,GCREVSOCLCN,0.24967522424992267
WB_WDI,GCREVSOCLZS,0.3045468605010826
WB_WDI,GCREVXGRTCN,0.2480049489638107
WB_WDI,GCREVXGRTGDZS,0.2904423136405815
WB_WDI,GCTAXEXPTCN,0.24212805443860191
WB_WDI,GCTAXEXPTZS,0.2413238478193628
WB_WDI,GCTAXGSRVCN,0.24707701824930406
WB_WDI,GCTAXGSRVRVZS,0.30083513764305597
WB_WDI,GCTAXGSRVVAZS,0.20754716981132076
WB_WDI,GCTAXIMPTCN,0.24163315805753172
WB_WDI,GCTAXIMPTZS,0.2408908134859264
WB_WDI,GCTAXINTTCN,0.24930405196412
WB_WDI,GCTAXINTTRVZS,0.30442313640581503
WB_WDI,GCTAXOTHRCN,0.24948963810702135
WB_WDI,GCTAXOTHRRVZS,0.3045468605010826
WB_WDI,GCTAXTOTLCN,0.250974327250232
WB_WDI,GCTAXTOTLGDZS,0.29316424373646766
WB_WDI,GCTAXYPKGCN,0.2490566037735849
WB_WDI,GCTAXYPKGRVZS,0.30442313640581503
WB_WDI,GCTAXYPKGZS,0.24868543148778224
WB_WDI,GCXPNCOMPCN,0.23705536653263223
WB_WDI,GCXPNCOMPZS,0.28264769563872566
WB_WDI,GCXPNGSRVCN,0.2361274358181256
WB_WDI,GCXPNGSRVZS,0.2787503866377977
WB_WDI,GCXPNINTPCN,0.24095267553356017
WB_WDI,GCXPNINTPRVZS,0.293906588308073
WB_WDI,GCXPNINTPZS,0.28574079802041447
WB_WDI,GCXPNOTHRCN,0.1793380760903186
WB_WDI,GCXPNOTHRZS,0.2167027528611197
WB_WDI,GCXPNTOTLCN,0.23736467677080111
WB_WDI,GCXPNTOTLGDZS,0.27182183730281473
WB_WDI,GCXPNTRFTCN,0.19517476028456543
WB_WDI,GCXPNTRFTZS,0.23365295391277452
WB_WDI,GFXPDBUDGZS,0.09415403649860811
WB_WDI,ICBUSDFRNXQ,0.07343025054129292
WB_WDI,ICBUSDISCXQ,0.22004330343334363
WB_WDI,ICBUSEASEXQ,0.011691927002783792
WB_WDI,ICBUSNDNSZS,0.11611506340859883
WB_WDI,ICBUSNREG,0.10083513764305599
WB_WDI,ICCRDINFOXQ,0.1026291370244355
WB_WDI,ICCRDPRVTZS,0.2222703371481596
WB_WDI,ICCRDPUBLZS,0.2222703371481596
WB_WDI,ICCUSDURSEX,0.02715743891122796
WB_WDI,ICELCDURS,0.027590473244664397
WB_WDI,ICELCOUTG,0.023693164243736468
WB_WDI,ICELCOUTGZS,0.0230745437673987
WB_WDI,ICELCTIME,0.15607794618001855
WB_WDI,ICEXPCSBCCD,0.08722548716362512
WB_WDI,ICEXPCSDCCD,0.08722548716362512
WB_WDI,ICEXPTMBC,0.08722548716362512
WB_WDI,ICEXPTMDC,0.08722548716362512
WB_WDI,ICFRMBKWCZS,0.02666254253015775
WB_WDI,ICFRMBNKSZS,0.028394679863903496
WB_WDI,ICFRMBRIBZS,0.024002474481905352
WB_WDI,ICFRMCMPUZS,0.023383854005567584
WB_WDI,ICFRMCORRZS,0.028023507578100834
WB_WDI,ICFRMCRIMZS,0.022641509433962263
WB_WDI,ICFRMDURS,0.023507578100835137
WB_WDI,ICFRMFREGZS,0.022394061243427157
WB_WDI,ICFRMINFMZS,0.025301577482214663
WB_WDI,ICFRMMETGZS,0.023136405815032478
WB_WDI,ICFRMOUTGZS,0.023012681719764925
WB_WDI,ICFRMRSDVZS,0.016888339004021032
WB_WDI,ICFRMTHEVZS,0.022950819672131147
WB_WDI,ICFRMTRNGZS,0.028209093721002165
WB_WDI,ICGOVDURSZS,0.028270955768635943
WB_WDI,ICIMPCSBCCD,0.08722548716362512
WB_WDI,ICIMPCSDCCD,0.08722548716362512
WB_WDI,ICIMPTMBC,0.08722548716362512
WB_WDI,ICIMPTMDC,0.08722548716362512
WB_WDI,ICISVDURS,0.21200123724095268
WB_WDI,ICLGLCREDXQ,0.1026291370244355
WB_WDI,ICLGLDURS,0.23346736776987317
WB_WDI,ICPRPDURS,0.21843489019486545
WB_WDI,ICPRPPROC,0.21843489019486545
WB_WDI,ICTAXDURS,0.21014537581193937
WB_WDI,ICTAXGIFTZS,0.028209093721002165
WB_WDI,ICTAXLABRCPZS,0.21014537581193937
WB_WDI,ICTAXMETG,0.023136405815032478
WB_WDI,ICTAXOTHRCPZS,0.21014537581193937
WB_WDI,ICTAXPAYM,0.21014537581193937
WB_WDI,ICTAXPRFTCPZS,0.21014537581193937
WB_WDI,ICTAXTOTLCPZS,0.21014537581193937
WB_WDI,ICWRHDURS,0.20779461800185586
WB_WDI,ICWRHPROC,0.20779461800185586
WB_WDI,IEPPIENGYCD,0.08846272811630065
WB_WDI,IEPPIICTICD,0.017630683575626353
WB_WDI,IEPPITRANCD,0.05320136096504794
WB_WDI,IEPPIWATRCD,0.023383854005567584
WB_WDI,IEPPNENGYCD,0.07844107639962883
WB_WDI,IEPPNICTICD,0.006186204763377668
WB_WDI,IEPPNTRANCD,0.0525208784410764
WB_WDI,IEPPNWATRCD,0.02418806062480668
WB_WDI,IPIDSNRCT,0.1737086297556449
WB_WDI,IPIDSRSCT,0.1735230436127436
WB_WDI,IPJRNARTCSC,0.28796783173523044
WB_WDI,IPPATNRES,0.31178472007423447
WB_WDI,IPPATRESD,0.29266934735539746
WB_WDI,IPTMKNRCT,0.1276214042684813
WB_WDI,IPTMKNRES,0.32533250850603157
WB_WDI,IPTMKRESD,0.3239096814104547
WB_WDI,IPTMKRSCT,0.12725023198267862
WB_WDI,IPTMKTOTL,0.3456232601299103
WB_WDI,IQCPABREGXQ,0.11636251159913392
WB_WDI,IQCPADEBTXQ,0.11636251159913392
WB_WDI,IQCPAECONXQ,0.11636251159913392
WB_WDI,IQCPAENVRXQ,0.11636251159913392
WB_WDI,IQCPAFINQXQ,0.11636251159913392
WB_WDI,IQCPAFINSXQ,0.11636251159913392
WB_WDI,IQCPAFISPXQ,0.11636251159913392
WB_WDI,IQCPAGNDRXQ,0.11636251159913392
WB_WDI,IQCPAHRESXQ,0.11636251159913392
WB_WDI,IQCPAIRAIXQ,0.11636251159913392
WB_WDI,IQCPAMACRXQ,0.11636251159913392
WB_WDI,IQCPAPADMXQ,0.11636251159913392
WB_WDI,IQCPAPRESXQ,0.11636251159913392
WB_WDI,IQCPAPROPXQ,0.11636251159913392
WB_WDI,IQCPAPROTXQ,0.11586761521806371
WB_WDI,IQCPAPUBSXQ,0.11636251159913392
WB_WDI,IQCPAREVNXQ,0.11636251159913392
WB_WDI,IQCPASOCIXQ,0.11605320136096504
WB_WDI,IQCPASTRCXQ,0.11636251159913392
WB_WDI,IQCPATRADXQ,0.11636251159913392
WB_WDI,IQCPATRANXQ,0.11636251159913392
WB_WDI,IQSCIMTHD,0.18453448809155584
WB_WDI,IQSCIOVRL,0.18453448809155584
WB_WDI,IQSCIPRDC,0.18453448809155584
WB_WDI,IQSCISRCE,0.18453448809155584
WB_WDI,IQSPIOVRL,0.04262295081967213
WB_WDI,IQSPIPIL1,0.21478502938447264
WB_WDI,IQSPIPIL2,0.04280853696257346
WB_WDI,IQSPIPIL3,0.19950510361892979
WB_WDI,IQSPIPIL4,0.04262295081967213
WB_WDI,IQSPIPIL5,0.04670584596350139
WB_WDI,ISAIRDPRT,0.6010516548097742
WB_WDI,ISAIRGOODMTK1,0.5780389730900093
WB_WDI,ISAIRPSGR,0.6014846891432106
WB_WDI,ISRRSGOODMTK6,0.15694401484689144
WB_WDI,ISRRSPASGKM,0.149582431178472
WB_WDI,ISRRSTOTLKM,0.12595112898236932
WB_WDI,ISSHPGCNWXQ,0.1599133931333127
WB_WDI,ISSHPGOODTU,0.19375193318898856
WB_WDI,ITCELSETS,0.7493349829879369
WB_WDI,ITCELSETSP2,0.7477265697494587
WB_WDI,ITMLTMAIN,0.8412001237240953
WB_WDI,ITMLTMAINP2,0.8394061243427158
WB_WDI,ITNETBBND,0.2705227343025054
WB_WDI,ITNETBBNDP2,0.26996597587380144
WB_WDI,ITNETSECR,0.14450974327250232
WB_WDI,ITNETSECRP6,0.17698731828023506
WB_WDI,ITNETUSERZS,0.46000618620476336
WB_WDI,LPEXPDURSMD,0.057407980204144754
WB_WDI,LPIMPDURSMD,0.056480049489638105
WB_WDI,LPLPICUSTXQ,0.07553356016084133
WB_WDI,LPLPIINFRXQ,0.07553356016084133
WB_WDI,LPLPIITRNXQ,0.07553356016084133
WB_WDI,LPLPILOGSXQ,0.07553356016084133
WB_WDI,LPLPIOVRLXQ,0.07553356016084133
WB_WDI,LPLPITIMEXQ,0.07553356016084133
WB_WDI,LPLPITRACXQ,0.07553356016084133
WB_WDI,MSMILMPRTKD,0.5487782245592329
WB_WDI,MSMILTOTLP1,0.39863903495205694
WB_WDI,MSMILTOTLTFZS,0.37296628518403957
WB_WDI,MSMILXPNDCD,0.6047633776678008
WB_WDI,MSMILXPNDCN,0.45957315187132697
WB_WDI,MSMILXPNDGDZS,0.6042066192390968
WB_WDI,MSMILXPNDZS,0.3216826476956387
WB_WDI,MSMILXPRTKD,0.1946798639034952
WB_WDI,NECONGOVTCD,0.6319208165790288
WB_WDI,NECONGOVTCN,0.49910300030931026
WB_WDI,NECONGOVTKD,0.4825239715434581
WB_WDI,NECONGOVTKDZG,0.48295700587689455
WB_WDI,NECONGOVTKN,0.4087844107639963
WB_WDI,NECONGOVTZS,0.6327250231982678
WB_WDI,NECONPRVTCD,0.6313640581503248
WB_WDI,NECONPRVTCN,0.4968141045468605
WB_WDI,NECONPRVTCNAD,0.31153727188369934
WB_WDI,NECONPRVTKD,0.5020723785957315
WB_WDI,NECONPRVTKDZG,0.5025672749768018
WB_WDI,NECONPRVTKN,0.4089699969068976
WB_WDI,NECONPRVTPCKD,0.5006495515001547
WB_WDI,NECONPRVTPCKDZG,0.4867924528301887
WB_WDI,NECONPRVTPPCD,0.35910918651407364
WB_WDI,NECONPRVTPPKD,0.33547788431797093
WB_WDI,NECONPRVTZS,0.6303742653881843
WB_WDI,NECONTOTLCD,0.6374265388184349
WB_WDI,NECONTOTLCN,0.5018249304051964
WB_WDI,NECONTOTLKD,0.5002165171667182
WB_WDI,NECONTOTLKDZG,0.5001546551190844
WB_WDI,NECONTOTLKN,0.40556758428703993
WB_WDI,NECONTOTLZS,0.499164862356944
WB_WDI,NEDABDEFLZS,0.37748221466130527
WB_WDI,NEDABTOTLCD,0.625487163625116
WB_WDI,NEDABTOTLCN,0.4902567274976802
WB_WDI,NEDABTOTLKD,0.4724404577791525
WB_WDI,NEDABTOTLKN,0.3863903495205691
WB_WDI,NEDABTOTLZS,0.48759665944942776
WB_WDI,NEEXPGNFSCD,0.660377358490566
WB_WDI,NEEXPGNFSCN,0.5208165790287659
WB_WDI,NEEXPGNFSKD,0.5045468605010826
WB_WDI,NEEXPGNFSKDZG,0.5097432725023199
WB_WDI,NEEXPGNFSKN,0.4339622641509434
WB_WDI,NEEXPGNFSZS,0.6665017012063099
WB_WDI,NEGDIFPRVCN,0.19331889885555212
WB_WDI,NEGDIFPRVZS,0.2241261985771729
WB_WDI,NEGDIFTOTCD,0.5921435199505104
WB_WDI,NEGDIFTOTCN,0.4642128054438602
WB_WDI,NEGDIFTOTKD,0.45926384163315803
WB_WDI,NEGDIFTOTKDZG,0.4594494277760594
WB_WDI,NEGDIFTOTKN,0.39183420971234145
WB_WDI,NEGDIFTOTZS,0.5909681410454686
WB_WDI,NEGDISTKBCD,0.4516548097742035
WB_WDI,NEGDISTKBCN,0.4538818434890195
WB_WDI,NEGDISTKBKN,0.2533869471079493
WB_WDI,NEGDITOTLCD,0.6263532322919889
WB_WDI,NEGDITOTLCN,0.49780389730900093
WB_WDI,NEGDITOTLKD,0.47145066501701205
WB_WDI,NEGDITOTLKDZG,0.47287349211258894
WB_WDI,NEGDITOTLKN,0.391957933807609
WB_WDI,NEGDITOTLZS,0.6353232291988865
WB_WDI,NEIMPGNFSCD,0.6574698422517785
WB_WDI,NEIMPGNFSCN,0.5213733374574698
WB_WDI,NEIMPGNFSKD,0.5057222394061244
WB_WDI,NEIMPGNFSKDZG,0.5109186514073616
WB_WDI,NEIMPGNFSKN,0.4339622641509434
WB_WDI,NEIMPGNFSZS,0.6670584596350139
WB_WDI,NERSBGNFSCD,0.5180327868852459
WB_WDI,NERSBGNFSCN,0.5208165790287659
WB_WDI,NERSBGNFSKN,0.16560470151562018
WB_WDI,NERSBGNFSZS,0.6665017012063099
WB_WDI,NETRDGNFSZS,0.6665017012063099
WB_WDI,NVAGREMPLKD,0.3589854624188061
WB_WDI,NVAGRTOTLCD,0.6207237859573151
WB_WDI,NVAGRTOTLCN,0.5003402412619857
WB_WDI,NVAGRTOTLKD,0.5800185586142901
WB_WDI,NVAGRTOTLKDZG,0.5774203526136715
WB_WDI,NVAGRTOTLKN,0.4630374265388184
WB_WDI,NVAGRTOTLZS,0.6249922672440458
WB_WDI,NVFSMTOTLCN,0.09910300030931024
WB_WDI,NVFSMTOTLKN,0.0737395607794618
WB_WDI,NVINDEMPLKD,0.34970615527373955
WB_WDI,NVINDMANFCD,0.5466749149396845
WB_WDI,NVINDMANFCN,0.45641818744200435
WB_WDI,NVINDMANFKD,0.48097742035261365
WB_WDI,NVINDMANFKDZG,0.4807299721620786
WB_WDI,NVINDMANFKN,0.4141045468605011
WB_WDI,NVINDMANFZS,0.5519331889885555
WB_WDI,NVINDTOTLCD,0.6128054438601918
WB_WDI,NVINDTOTLCN,0.49594803587998765
WB_WDI,NVINDTOTLKD,0.546551190844417
WB_WDI,NVINDTOTLKDZG,0.5419115372718837
WB_WDI,NVINDTOTLKN,0.43680791834209715
WB_WDI,NVINDTOTLZS,0.6184348901948654
WB_WDI,NVMNFCHEMZSUN,0.30497989483451904
WB_WDI,NVMNFFBTOZSUN,0.3163625115991339
WB_WDI,NVMNFMTRNZSUN,0.3007114135477884
WB_WDI,NVMNFOTHRZSUN,0.3194556139808228
WB_WDI,NVMNFTECHZSUN,0.2814104546860501
WB_WDI,NVMNFTXTLZSUN,0.317723476647077
WB_WDI,NVSRVEMPLKD,0.3470460872254872
WB_WDI,NVSRVTOTLCD,0.5784101453758119
WB_WDI,NVSRVTOTLCN,0.46674914939684503
WB_WDI,NVSRVTOTLKD,0.511351685740798
WB_WDI,NVSRVTOTLKDZG,0.5030621713578719
WB_WDI,NVSRVTOTLKN,0.41651716671821837
WB_WDI,NVSRVTOTLZS,0.5878750386637798
WB_WDI,NYADJAEDUCD,0.49248376121249615
WB_WDI,NYADJAEDUGNZS,0.7602845654191154
WB_WDI,NYADJDCO2CD,0.5884317970924837
WB_WDI,NYADJDCO2GNZS,0.6437983297247138
WB_WDI,NYADJDFORCD,0.5244664398391586
WB_WDI,NYADJDFORGNZS,0.6031549644293226
WB_WDI,NYADJDKAPCD,0.529662851840396
WB_WDI,NYADJDKAPGNZS,0.6436127435818125
WB_WDI,NYADJDMINCD,0.671203216826477
WB_WDI,NYADJDMINGNZS,0.6554902567274977
WB_WDI,NYADJDNGYCD,0.5841014537581194
WB_WDI,NYADJDNGYGNZS,0.6181255799566966
WB_WDI,NYADJDPEMCD,0.31902257964738634
WB_WDI,NYADJDPEMGNZS,0.39740179399938136
WB_WDI,NYADJDRESGNZS,0.5755026291370244
WB_WDI,NYADJICTRGNZS,0.4543767398700897
WB_WDI,NYADJNNATCD,0.3451283637488401
WB_WDI,NYADJNNATGNZS,0.45289205072687905
WB_WDI,NYADJNNTYCD,0.5606557377049181
WB_WDI,NYADJNNTYKD,0.3881224868543149
WB_WDI,NYADJNNTYKDZG,0.3845344880915558
WB_WDI,NYADJNNTYPCCD,0.5604701515620167
WB_WDI,NYADJNNTYPCKD,0.39325703680791835
WB_WDI,NYADJNNTYPCKDZG,0.38738014228270956
WB_WDI,NYADJSVNGCD,0.23625115991339313
WB_WDI,NYADJSVNGGNZS,0.31153727188369934
WB_WDI,NYADJSVNXCD,0.3195793380760903
WB_WDI,NYADJSVNXGNZS,0.4270337148159604
WB_WDI,NYEXPCAPMKN,0.42499226724404576
WB_WDI,NYGDPCOALRTZS,0.6298793690071142
WB_WDI,NYGDPDEFLKDZG,0.7476028456541911
WB_WDI,NYGDPDEFLKDZGAD,0.3742653881843489
WB_WDI,NYGDPDEFLZS,0.6069904113826168
WB_WDI,NYGDPDEFLZSAD,0.3771729044231364
WB_WDI,NYGDPDISCCN,0.4845654191153727
WB_WDI,NYGDPDISCKN,0.15397463656047014
WB_WDI,NYGDPFCSTCD,0.5721002165171667
WB_WDI,NYGDPFCSTCN,0.47528611197030624
WB_WDI,NYGDPFCSTKD,0.5125889266934736
WB_WDI,NYGDPFCSTKN,0.42913702443550883
WB_WDI,NYGDPFRSTRTZS,0.6909990720692855
WB_WDI,NYGDPMINRRTZS,0.6909990720692855
WB_WDI,NYGDPMKTPCN,0.6356325394370553
WB_WDI,NYGDPMKTPCNAD,0.37673987008969995
WB_WDI,NYGDPMKTPKD,0.7531704299412311
WB_WDI,NYGDPMKTPKN,0.6085369625734611
WB_WDI,NYGDPMKTPPPCD,0.4479430869161769
WB_WDI,NYGDPMKTPPPKD,0.4437983297247139
WB_WDI,NYGDPNGASRTZS,0.6436127435818125
WB_WDI,NYGDPPCAPCN,0.635446953294154
WB_WDI,NYGDPPCAPKDZG,0.7515620167027529
WB_WDI,NYGDPPCAPKN,0.6083513764305598
WB_WDI,NYGDPPCAPPPCD,0.4477575007732756
WB_WDI,NYGDPPCAPPPKD,0.4436127435818126
WB_WDI,NYGDPPETRRTZS,0.6437364676770801
WB_WDI,NYGDPTOTLRTZS,0.6896999690689762
WB_WDI,NYGDSTOTLCD,0.6347664707701824
WB_WDI,NYGDSTOTLCN,0.499164862356944
WB_WDI,NYGDSTOTLZS,0.6374265388184349
WB_WDI,NYGDYTOTLKN,0.41769254562326014
WB_WDI,NYGNPMKTPCD,0.7407361583668419
WB_WDI,NYGNPMKTPCN,0.5858954531394989
WB_WDI,NYGNPMKTPCNAD,0.355397463656047
WB_WDI,NYGNPMKTPKD,0.42567274976801733
WB_WDI,NYGNPMKTPKDZG,0.4289514382926075
WB_WDI,NYGNPMKTPKN,0.3489638107021342
WB_WDI,NYGNPMKTPPPCD,0.43699350448499846
WB_WDI,NYGNPMKTPPPKD,0.3198267862666254
WB_WDI,NYGNPPCAPCN,0.5857098669965976
WB_WDI,NYGNPPCAPKD,0.43018867924528303
WB_WDI,NYGNPPCAPKDZG,0.4309928858645221
WB_WDI,NYGNPPCAPKN,0.3489638107021342
WB_WDI,NYGNPPCAPPPKD,0.3198267862666254
WB_WDI,NYGNSICTRCD,0.35354160222703374
WB_WDI,NYGNSICTRCN,0.3536034642746675
WB_WDI,NYGNSICTRGNZS,0.46452211568202906
WB_WDI,NYGNSICTRZS,0.45078874110733064
WB_WDI,NYGSRNFCYCD,0.5487163625115992
WB_WDI,NYGSRNFCYCN,0.5513145685122177
WB_WDI,NYGSRNFCYKN,0.05462418806062481
WB_WDI,NYTAXNINDCD,0.449860810392824
WB_WDI,NYTAXNINDCN,0.45344880915558305
WB_WDI,NYTAXNINDKN,0.390040210330962
WB_WDI,NYTRFNCTRCD,0.4416331580575317
WB_WDI,NYTRFNCTRCN,0.4437983297247139
WB_WDI,NYTRFNCTRKN,0.22802350757810083
WB_WDI,NYTTFGNFSKN,0.42499226724404576
WB_WDI,PANUSATLS,0.6894525208784411
WB_WDI,PANUSFCRF,0.5733374574698422
WB_WDI,PANUSPPP,0.3598515310856789
WB_WDI,PANUSPPPCRF,0.35700587689452523
WB_WDI,PANUSPRVTPP,0.3257036807918342
WB_WDI,PXREXREER,0.22796164553046705
WB_WDI,SECOMDURS,0.3300340241261986
WB_WDI,SEPREDURS,0.3007732755954222
WB_WDI,SEPREENRLTCZS,0.3830497989483452
WB_WDI,SEPRETCAQFEZS,0.07547169811320754
WB_WDI,SEPRETCAQMAZS,0.06483142592019796
WB_WDI,SEPRETCAQZS,0.08437983297247138
WB_WDI,SEPRMAGES,0.6489947417259512
WB_WDI,SEPRMDURS,0.7972780699041139
WB_WDI,SEPRMENRL,0.6405815032477575
WB_WDI,SEPRMENRLTCZS,0.5081967213114754
WB_WDI,SEPRMGINTFEZS,0.40463965357253323
WB_WDI,SEPRMGINTMAZS,0.40463965357253323
WB_WDI,SEPRMOENRFEZS,0.26538818434890193
WB_WDI,SEPRMOENRMAZS,0.26545004639653574
WB_WDI,SEPRMOENRZS,0.27757500773275595
WB_WDI,SEPRMPRIVZS,0.4870399010207238
WB_WDI,SEPRMPRS5ZS,0.22158985462418807
WB_WDI,SEPRMPRSLFEZS,0.318836993504485
WB_WDI,SEPRMPRSLMAZS,0.3187751314568512
WB_WDI,SEPRMPRSLZS,0.3678935972780699
WB_WDI,SEPRMREPTFEZS,0.3926384163315806
WB_WDI,SEPRMREPTMAZS,0.3926384163315806
WB_WDI,SEPRMREPTZS,0.4332199195793381
WB_WDI,SEPRMTCAQFEZS,0.1135168574079802
WB_WDI,SEPRMTCAQMAZS,0.11345499536034642
WB_WDI,SEPRMTCAQZS,0.12904423136405815
WB_WDI,SEPRMTCHR,0.5312094030312403
WB_WDI,SEPRMUNERFEZS,0.33603464274667494
WB_WDI,SEPRMUNERMAZS,0.33597278069904113
WB_WDI,SESECAGES,0.6413857098669966
WB_WDI,SESECDURS,0.7896690380451593
WB_WDI,SESECENRL,0.5657902876585215
WB_WDI,SESECENRLGC,0.587813176616146
WB_WDI,SESECENRLGCFEZS,0.5573151871326941
WB_WDI,SESECENRLLOTCZS,0.18397772966285184
WB_WDI,SESECENRLTCZS,0.40092793071450666
WB_WDI,SESECENRLUPTCZS,0.17463656047015155
WB_WDI,SESECPRIVZS,0.2175069594803588
WB_WDI,SESECTCAQFEZS,0.07516238787503866
WB_WDI,SESECTCAQLOFEZS,0.05938756572842561
WB_WDI,SESECTCAQLOMAZS,0.05938756572842561
WB_WDI,SESECTCAQLOZS,0.06501701206309929
WB_WDI,SESECTCAQMAZS,0.07516238787503866
WB_WDI,SESECTCAQUPFEZS,0.05140736158366842
WB_WDI,SESECTCAQUPMAZS,0.05140736158366842
WB_WDI,SESECTCAQUPZS,0.05697494587070832
WB_WDI,SESECTCAQZS,0.08475100525827405
WB_WDI,SESECTCHR,0.42759047324466437
WB_WDI,SESECTCHRFE,0.3706155273739561
WB_WDI,SESECUNERLOFEZS,0.20841323847819362
WB_WDI,SESECUNERLOMAZS,0.2076708939065883
WB_WDI,SESECUNERLOZS,0.25047943086916175
WB_WDI,SETERENRLTCZS,0.23705536653263223
WB_WDI,SEXPDCPRMZS,0.10788741107330653
WB_WDI,SEXPDCSECZS,0.10937210021651717
WB_WDI,SEXPDCTERZS,0.10405196412001237
WB_WDI,SEXPDCTOTZS,0.10819672131147541
WB_WDI,SEXPDPRIMZS,0.2013609650479431
WB_WDI,SEXPDSECOZS,0.2024126198577173
WB_WDI,SEXPDTERTPCZS,0.10559851531085679
WB_WDI,SEXPDTERTZS,0.23934426229508196
WB_WDI,SEXPDTOTLGBZS,0.2501082585833591
WB_WDI,SHUHCNOP1CG,0.04287039901020724
WB_WDI,SHUHCNOP1ZG,0.04287039901020724
WB_WDI,SHUHCNOP2CG,0.042932261057841016
WB_WDI,SHUHCNOP2ZG,0.042932261057841016
WB_WDI,SIDST02ND20,0.10776368697803897
WB_WDI,SIDST03RD20,0.10776368697803897
WB_WDI,SIDST04TH20,0.10776368697803897
WB_WDI,SIDST05TH20,0.10776368697803897
WB_WDI,SIDST10TH10,0.10776368697803897
WB_WDI,SIDST50MD,0.10491803278688525
WB_WDI,SIDSTFRST10,0.1077018249304052
WB_WDI,SIDSTFRST20,0.1077018249304052
WB_WDI,SIPOVGAPS,0.13721002165171667
WB_WDI,SIPOVLMIC,0.13721002165171667
WB_WDI,SIPOVLMICGP,0.13721002165171667
WB_WDI,SIPOVMDIM,0.024806681101144448
WB_WDI,SIPOVMDIM17,0.021775440767089392
WB_WDI,SIPOVMDIM17XQ,0.0008042066192390969
WB_WDI,SIPOVMDIMFE,0.021342406433652955
WB_WDI,SIPOVMDIMHH,0.003031240334055057
WB_WDI,SIPOVMDIMIT,0.004887101763068357
WB_WDI,SIPOVMDIMMA,0.021342406433652955
WB_WDI,SIPOVMDIMXQ,0.004392205381998144
WB_WDI,SIPOVUMIC,0.1371481596040829
WB_WDI,SIPOVUMICGP,0.1371481596040829
WB_WDI,SIRMTCOSTIBZS,0.0591401175378905
WB_WDI,SIRMTCOSTOBZS,0.02437364676770801
WB_WDI,SISPRPC40,0.011135168574079802
WB_WDI,SISPRPC40ZG,0.005567584287039901
WB_WDI,SISPRPCAP,0.011135168574079802
WB_WDI,SISPRPCAPZG,0.005567584287039901
WB_WDI,SLAGR0714FEZS,0.009279307145066501
WB_WDI,SLAGR0714MAZS,0.009279307145066501
WB_WDI,SLAGR0714ZS,0.008784410763996288
WB_WDI,SLFAM0714FEZS,0.010145375811939375
WB_WDI,SLFAM0714MAZS,0.010145375811939375
WB_WDI,SLFAM0714ZS,0.010145375811939375
WB_WDI,SLFAMWORKFEZS,0.4215898546241881
WB_WDI,SLFAMWORKMAZS,0.4215898546241881
WB_WDI,SLFAMWORKZS,0.4215898546241881
WB_WDI,SLGDPPCAPEMKD,0.40259820600061863
WB_WDI,SLMNF0714FEZS,0.009155583049798948
WB_WDI,SLMNF0714MAZS,0.009155583049798948
WB_WDI,SLMNF0714ZS,0.008722548716362511
WB_WDI,SLSLF0714FEZS,0.006062480668110114
WB_WDI,SLSLF0714MAZS,0.006062480668110114
WB_WDI,SLSLF0714ZS,0.006062480668110114
WB_WDI,SLSRV0714FEZS,0.009279307145066501
WB_WDI,SLSRV0714MAZS,0.009279307145066501
WB_WDI,SLSRV0714ZS,0.008784410763996288
WB_WDI,SLTLF0714SWFETM,0.008165790287658521
WB_WDI,SLTLF0714SWFEZS,0.011258892669347355
WB_WDI,SLTLF0714SWMATM,0.008165790287658521
WB_WDI,SLTLF0714SWMAZS,0.011258892669347355
WB_WDI,SLTLF0714SWTM,0.008165790287658521
WB_WDI,SLTLF0714SWZS,0.017383235385091247
WB_WDI,SLTLF0714WKFETM,0.007670893906588308
WB_WDI,SLTLF0714WKFEZS,0.011258892669347355
WB_WDI,SLTLF0714WKMATM,0.0077946180018558615
WB_WDI,SLTLF0714WKMAZS,0.011258892669347355
WB_WDI,SLTLF0714WKTM,0.0077946180018558615
WB_WDI,SLTLF0714WKZS,0.017445097432725022
WB_WDI,SLTLFPARTFEZS,0.12019795855242808
WB_WDI,SLWAG0714FEZS,0.010021651716671822
WB_WDI,SLWAG0714MAZS,0.010021651716671822
WB_WDI,SLWAG0714ZS,0.010021651716671822
WB_WDI,SMPOPREFG,0.5022579647386328
WB_WDI,SMPOPREFGOR,0.48159604082895147
WB_WDI,SMPOPTOTL,0.18366841942468295
WB_WDI,SMPOPTOTLZS,0.09638107021342407
WB_WDI,SNITKMSFIZS,0.038911227961645534
WB_WDI,SNITKSVFIZS,0.03909681410454686
WB_WDI,SPPOPSCIERDP6,0.12019795855242808
WB_WDI,SPPOPTECHRDP6,0.08097742035261367
WB_WDI,STINTARVL,0.3517476028456542
WB_WDI,STINTDPRT,0.1785338694710795
WB_WDI,STINTRCPTCD,0.29452520878441074
WB_WDI,STINTRCPTXPZS,0.28475100525827407
WB_WDI,STINTTRNRCD,0.2523352922981751
WB_WDI,STINTTRNXCD,0.25845963501391894
WB_WDI,STINTTVLRCD,0.33937519331889887
WB_WDI,STINTTVLXCD,0.33721002165171665
WB_WDI,STINTXPNDCD,0.28085369625734613
WB_WDI,STINTXPNDMPZS,0.2865450046396536
WB_WDI,TGVALTOTLGDZS,0.7706773894215898
WB_WDI,TMQTYMRCHXDWD,0.35317042994123105
WB_WDI,TMTAXMANFBCZS,0.18898855552118776
WB_WDI,TMTAXMANFBRZS,0.18855552118775132
WB_WDI,TMTAXMANFIPZS,0.2275904732446644
WB_WDI,TMTAXMANFSMARZS,0.22752861119703063
WB_WDI,TMTAXMANFSMFNZS,0.22913702443550882
WB_WDI,TMTAXMANFSRZS,0.2275904732446644
WB_WDI,TMTAXMANFWMARZS,0.22752861119703063
WB_WDI,TMTAXMANFWMFNZS,0.22752861119703063
WB_WDI,TMTAXMRCHBCZS,0.21163006495515002
WB_WDI,TMTAXMRCHBRZS,0.21119703062171358
WB_WDI,TMTAXMRCHIPZS,0.2559851531085679
WB_WDI,TMTAXMRCHSMARZS,0.25592329106093414
WB_WDI,TMTAXMRCHSMFNZS,0.2575317042994123
WB_WDI,TMTAXMRCHSRZS,0.2559851531085679
WB_WDI,TMTAXMRCHWMARZS,0.25592329106093414
WB_WDI,TMTAXMRCHWMFNZS,0.25592329106093414
WB_WDI,TMTAXTCOMBCZS,0.18898855552118776
WB_WDI,TMTAXTCOMBRZS,0.18855552118775132
WB_WDI,TMTAXTCOMIPZS,0.2275904732446644
WB_WDI,TMTAXTCOMSMARZS,0.22752861119703063
WB_WDI,TMTAXTCOMSMFNZS,0.22913702443550882
WB_WDI,TMTAXTCOMSRZS,0.2275904732446644
WB_WDI,TMTAXTCOMWMARZS,0.22752861119703063
WB_WDI,TMTAXTCOMWMFNZS,0.22752861119703063
WB_WDI,TMUVIMRCHXDWD,0.3657284256108877
WB_WDI,TMVALAGRIZSUN,0.5602227033714816
WB_WDI,TMVALFOODZSUN,0.5614599443241571
WB_WDI,TMVALFUELZSUN,0.5609650479430869
WB_WDI,TMVALICTGZSUN,0.25103618929786575
WB_WDI,TMVALINSFZSWT,0.5227961645530467
WB_WDI,TMVALMANFZSUN,0.5614599443241571
WB_WDI,TMVALMMTLZSUN,0.5609650479430869
WB_WDI,TMVALMRCHALZS,0.7124033405505722
WB_WDI,TMVALMRCHCDWT,0.8420661923909681
WB_WDI,TMVALMRCHHIZS,0.7751933188988556
WB_WDI,TMVALMRCHORZS,0.764800494896381
WB_WDI,TMVALMRCHR1ZS,0.7499536034642746
WB_WDI,TMVALMRCHR2ZS,0.6675533560160841
WB_WDI,TMVALMRCHR3ZS,0.7335601608413238
WB_WDI,TMVALMRCHR4ZS,0.7092483761212496
WB_WDI,TMVALMRCHR5ZS,0.7411691927002784
WB_WDI,TMVALMRCHR6ZS,0.732694092174451
WB_WDI,TMVALMRCHRSZS,0.775626353232292
WB_WDI,TMVALMRCHWLCD,0.775626353232292
WB_WDI,TMVALMRCHWRZS,0.5495205691308382
WB_WDI,TMVALMRCHXDWD,0.43891122796164556
WB_WDI,TMVALOTHRZSWT,0.5338694710794928
WB_WDI,TMVALSERVCDWT,0.539622641509434
WB_WDI,TMVALTRANZSWT,0.5328178162697186
WB_WDI,TMVALTRVLZSWT,0.5271883699350448
WB_WDI,TTPRIMRCHXDWD,0.35211877513145684
WB_WDI,TXMNFTECHZSUN,0.2814104546860501
WB_WDI,TXQTYMRCHXDWD,0.36535725332508506
WB_WDI,TXUVIMRCHXDWD,0.37816269718527684
WB_WDI,TXVALAGRIZSUN,0.5568202907516239
WB_WDI,TXVALFOODZSUN,0.5602227033714816
WB_WDI,TXVALFUELZSUN,0.5318898855552119
WB_WDI,TXVALICTGZSUN,0.23767398700897
WB_WDI,TXVALINSFZSWT,0.5123414785029384
WB_WDI,TXVALMANFZSUN,0.5576863594184968
WB_WDI,TXVALMMTLZSUN,0.5503866377977111
WB_WDI,TXVALMRCHALZS,0.7036807918342097
WB_WDI,TXVALMRCHCDWT,0.8451592947726569
WB_WDI,TXVALMRCHHIZS,0.7758738014228271
WB_WDI,TXVALMRCHORZS,0.7450665017012064
WB_WDI,TXVALMRCHR1ZS,0.7052273430250541
WB_WDI,TXVALMRCHR2ZS,0.6203526136715125
WB_WDI,TXVALMRCHR3ZS,0.6884627281163006
WB_WDI,TXVALMRCHR4ZS,0.6828332817816269
WB_WDI,TXVALMRCHR5ZS,0.6674296319208166
WB_WDI,TXVALMRCHR6ZS,0.7131456851221776
WB_WDI,TXVALMRCHRSZS,0.7763686978038973
WB_WDI,TXVALMRCHWLCD,0.7763686978038973
WB_WDI,TXVALMRCHWRZS,0.5487782245592329
WB_WDI,TXVALMRCHXDWD,0.4389730900092793
WB_WDI,TXVALOTHRZSWT,0.5317661614599444
WB_WDI,TXVALSERVCDWT,0.5426538818434891
WB_WDI,TXVALTECHCD,0.14364367460562943
WB_WDI,TXVALTECHMFZS,0.155397463656047
WB_WDI,TXVALTRANZSWT,0.5204454067429632
WB_WDI,TXVALTRVLZSWT,0.5223631302196102
WB_WDI,VCBTLDETH,0.07701824930405196
WB_WDI,VCIDPNWCV,0.030497989483451903
WB_WDI,VCIDPNWDS,0.11265078874110733
WB_WDI,VCIDPTOCV,0.04893287967831735
WB_WDI,perallspadqpoptot,0.02629137024435509
WB_WDI,perallspbenq1tot,0.026415094339622643
WB_WDI,perallspcovpoptot,0.028023507578100834
WB_WDI,perlmalllmadqpoptot,0.006495515001546551
WB_WDI,perlmalllmbenq1tot,0.006495515001546551
WB_WDI,perlmalllmcovpoptot,0.014228270955768636
WB_WDI,perlmalllmcovq1tot,0.014228270955768636
WB_WDI,perlmalllmcovq2tot,0.014228270955768636
WB_WDI,perlmalllmcovq3tot,0.014228270955768636
WB_WDI,perlmalllmcovq4tot,0.014228270955768636
WB_WDI,perlmalllmcovq5tot,0.014228270955768636
WB_WDI,persaallsaadqpoptot,0.023755026291370246
WB_WDI,persaallsabenq1tot,0.0238787503866378
WB_WDI,persaallsacovpoptot,0.026971852768326633
WB_WDI,persaallsacovq1tot,0.026971852768326633
WB_WDI,persaallsacovq2tot,0.026971852768326633
WB_WDI,persaallsacovq3tot,0.026971852768326633
WB_WDI,persaallsacovq4tot,0.026971852768326633
WB_WDI,persaallsacovq5tot,0.026971852768326633
WB_WDI,persiallsiadqpoptot,0.024744819053510673
WB_WDI,persiallsibenq1tot,0.024868543148778226
WB_WDI,persiallsicovpoptot,0.025796473863284874
WB_WDI,persiallsicovq1tot,0.025796473863284874
WB_WDI,persiallsicovq2tot,0.025796473863284874
WB_WDI,persiallsicovq3tot,0.025796473863284874
WB_WDI,persiallsicovq4tot,0.025796473863284874
WB_WDI,persiallsicovq5tot,0.025796473863284874
